Date,Open,High,Low,Close,Volume,Adj Close
2015-07-17,2.07,2.07,2.07,2.07,000,2.07
2015-07-16,2.07,2.07,2.07,2.07,000,2.07
2015-07-15,2.07,2.07,2.07,2.07,000,2.07
2015-07-14,2.07,2.07,2.07,2.07,000,2.07
2015-07-13,2.07,2.07,2.07,2.07,000,2.07
2015-07-10,2.07,2.07,2.07,2.07,000,2.07
2015-07-09,2.07,2.07,2.07,2.07,000,2.07
2015-07-08,2.07,2.07,2.07,2.07,000,2.07
2015-07-07,2.07,2.07,2.07,2.07,000,2.07
2015-07-06,2.07,2.07,2.07,2.07,000,2.07
2015-07-03,2.07,2.07,2.07,2.07,000,2.07
2015-07-02,2.07,2.07,2.07,2.07,000,2.07
2015-07-01,2.07,2.07,2.07,2.07,000,2.07
2015-06-30,2.07,2.07,2.07,2.07,000,2.07
2015-06-29,2.07,2.07,2.07,2.07,000,2.07
2015-06-26,2.07,2.07,2.07,2.07,000,2.07
2015-06-25,2.07,2.07,2.07,2.07,000,2.07
2015-06-24,2.07,2.07,2.07,2.07,000,2.07
2015-06-23,2.07,2.07,2.07,2.07,000,2.07
2015-06-22,2.07,2.07,2.07,2.07,000,2.07
2015-06-19,2.07,2.07,2.07,2.07,000,2.07
2015-06-18,2.07,2.07,2.07,2.07,000,2.07
2015-06-17,2.07,2.07,2.07,2.07,000,2.07
2015-06-16,2.07,2.07,2.07,2.07,000,2.07
2015-06-15,2.07,2.07,2.07,2.07,000,2.07
2015-06-12,2.07,2.07,2.07,2.07,000,2.07
2015-06-11,2.07,2.07,2.07,2.07,000,2.07
2015-06-10,2.07,2.07,2.07,2.07,000,2.07
2015-06-09,2.07,2.07,2.07,2.07,000,2.07
2015-06-08,2.07,2.07,2.07,2.07,000,2.07
2015-06-05,2.07,2.07,2.07,2.07,000,2.07
2015-06-04,2.07,2.07,2.07,2.07,000,2.07
2015-06-03,2.07,2.07,2.07,2.07,000,2.07
2015-06-02,2.07,2.07,2.07,2.07,000,2.07
2015-06-01,2.07,2.07,2.07,2.07,000,2.07
2015-05-29,2.07,2.07,2.07,2.07,000,2.07
2015-05-28,2.07,2.07,2.07,2.07,000,2.07
2015-05-27,2.07,2.07,2.07,2.07,000,2.07
2015-05-26,2.07,2.07,2.07,2.07,000,2.07
2015-05-25,2.07,2.07,2.07,2.07,000,2.07
2015-05-22,2.07,2.07,2.07,2.07,000,2.07
2015-05-21,2.07,2.07,2.07,2.07,000,2.07
2015-05-20,2.07,2.07,2.07,2.07,000,2.07
2015-05-19,2.07,2.07,2.07,2.07,000,2.07
2015-05-18,2.07,2.07,2.07,2.07,000,2.07
2015-05-15,2.07,2.07,2.07,2.07,000,2.07
2015-05-14,2.07,2.07,2.07,2.07,000,2.07
2015-05-13,2.07,2.07,2.07,2.07,000,2.07
2015-05-12,2.07,2.07,2.07,2.07,000,2.07
2015-05-11,2.07,2.07,2.07,2.07,000,2.07
2015-05-08,2.07,2.07,2.07,2.07,000,2.07
2015-05-07,2.07,2.07,2.07,2.07,000,2.07
2015-05-06,2.07,2.07,2.07,2.07,000,2.07
2015-05-05,2.07,2.07,2.07,2.07,000,2.07
2015-05-04,2.07,2.07,2.07,2.07,000,2.07
2015-05-01,2.07,2.07,2.07,2.07,000,2.07
2015-04-30,2.07,2.07,2.07,2.07,000,2.07
2015-04-29,2.07,2.07,2.07,2.07,000,2.07
2015-04-28,2.07,2.07,2.07,2.07,000,2.07
2015-04-27,2.07,2.07,2.07,2.07,000,2.07
2015-04-24,2.07,2.07,2.07,2.07,000,2.07
2015-04-23,2.07,2.07,2.07,2.07,000,2.07
2015-04-22,2.07,2.07,2.07,2.07,000,2.07
2015-04-21,2.07,2.07,2.07,2.07,000,2.07
2015-04-20,2.07,2.07,2.07,2.07,000,2.07
2015-04-17,2.07,2.07,2.07,2.07,000,2.07
2015-04-16,2.07,2.07,2.07,2.07,000,2.07
2015-04-15,2.07,2.07,2.07,2.07,000,2.07
2015-04-14,2.07,2.07,2.07,2.07,000,2.07
2015-04-13,2.07,2.07,2.07,2.07,000,2.07
2015-04-10,2.07,2.07,2.07,2.07,000,2.07
2015-04-09,2.07,2.07,2.07,2.07,000,2.07
2015-04-08,2.07,2.07,2.07,2.07,000,2.07
2015-04-07,2.07,2.07,2.07,2.07,000,2.07
2015-04-06,2.07,2.07,2.07,2.07,000,2.07
2015-04-03,2.07,2.07,2.07,2.07,000,2.07
2015-04-02,2.07,2.07,2.07,2.07,000,2.07
2015-04-01,2.07,2.07,2.07,2.07,000,2.07
2015-03-31,2.07,2.07,2.07,2.07,000,2.07
2015-03-30,2.07,2.07,2.07,2.07,000,2.07
2015-03-27,2.07,2.07,2.07,2.07,000,2.07
2015-03-26,2.07,2.07,2.07,2.07,000,2.07
2015-03-25,2.07,2.07,2.07,2.07,000,2.07
2015-03-24,2.07,2.07,2.07,2.07,000,2.07
2015-03-23,2.07,2.07,2.07,2.07,000,2.07
2015-03-20,2.07,2.07,2.07,2.07,000,2.07
2015-03-19,2.07,2.07,2.07,2.07,000,2.07
2015-03-18,2.07,2.07,2.07,2.07,000,2.07
2015-03-17,2.07,2.07,2.07,2.07,000,2.07
2015-03-16,2.07,2.07,2.07,2.07,000,2.07
2015-03-13,2.07,2.07,2.07,2.07,000,2.07
2015-03-12,2.07,2.07,2.07,2.07,000,2.07
2015-03-11,2.07,2.07,2.07,2.07,000,2.07
2015-03-10,2.07,2.07,2.07,2.07,000,2.07
2015-03-09,2.07,2.07,2.07,2.07,000,2.07
2015-03-06,2.07,2.07,2.07,2.07,000,2.07
2015-03-05,2.07,2.07,2.07,2.07,000,2.07
2015-03-04,2.07,2.07,2.07,2.07,000,2.07
2015-03-03,2.07,2.07,2.07,2.07,000,2.07
2015-03-02,2.07,2.07,2.07,2.07,000,2.07
2015-02-27,2.07,2.07,2.07,2.07,000,2.07
2015-02-26,2.07,2.07,2.07,2.07,000,2.07
2015-02-25,2.07,2.07,2.07,2.07,000,2.07
2015-02-24,2.07,2.07,2.07,2.07,000,2.07
2015-02-23,2.07,2.07,2.07,2.07,000,2.07
2015-02-20,2.07,2.07,2.07,2.07,000,2.07
2015-02-19,2.07,2.07,2.07,2.07,000,2.07
2015-02-18,2.07,2.07,2.07,2.07,000,2.07
2015-02-17,2.07,2.07,2.07,2.07,000,2.07
2015-02-16,2.07,2.07,2.07,2.07,000,2.07
2015-02-13,2.07,2.07,2.07,2.07,000,2.07
2015-02-12,2.07,2.07,2.07,2.07,000,2.07
2015-02-11,2.07,2.07,2.07,2.07,000,2.07
2015-02-10,2.07,2.07,2.07,2.07,000,2.07
2015-02-09,2.07,2.07,2.07,2.07,000,2.07
2015-02-06,2.07,2.07,2.07,2.07,000,2.07
2015-02-05,2.07,2.07,2.07,2.07,000,2.07
2015-02-04,2.07,2.07,2.07,2.07,000,2.07
2015-02-03,2.07,2.07,2.07,2.07,000,2.07
2015-02-02,2.07,2.07,2.07,2.07,000,2.07
2015-01-30,2.07,2.07,2.07,2.07,000,2.07
2015-01-29,2.07,2.07,2.07,2.07,000,2.07
2015-01-28,2.07,2.07,2.07,2.07,000,2.07
2015-01-27,2.07,2.07,2.07,2.07,000,2.07
2015-01-26,2.07,2.07,2.07,2.07,000,2.07
2015-01-23,2.07,2.07,2.07,2.07,000,2.07
2015-01-22,2.07,2.07,2.07,2.07,000,2.07
2015-01-21,2.07,2.07,2.07,2.07,000,2.07
2015-01-20,2.07,2.07,2.07,2.07,000,2.07
2015-01-19,2.07,2.07,2.07,2.07,000,2.07
2015-01-16,2.07,2.07,2.07,2.07,000,2.07
2015-01-15,2.07,2.07,2.07,2.07,000,2.07
2015-01-14,2.07,2.07,2.07,2.07,000,2.07
2015-01-13,2.07,2.07,2.07,2.07,000,2.07
2015-01-12,2.07,2.07,2.07,2.07,000,2.07
2015-01-09,2.07,2.07,2.07,2.07,000,2.07
2015-01-08,2.07,2.07,2.07,2.07,000,2.07
2015-01-07,2.07,2.07,2.07,2.07,000,2.07
2015-01-06,2.07,2.07,2.07,2.07,000,2.07
2015-01-05,2.07,2.07,2.07,2.07,000,2.07
2015-01-02,2.07,2.07,2.07,2.07,000,2.07
2015-01-01,2.07,2.07,2.07,2.07,000,2.07
2014-12-31,2.07,2.07,2.07,2.07,000,2.07
2014-12-30,2.07,2.07,2.07,2.07,000,2.07
2014-12-29,2.07,2.07,2.07,2.07,000,2.07
2014-12-26,2.07,2.07,2.07,2.07,000,2.07
2014-12-25,2.07,2.07,2.07,2.07,000,2.07
2014-12-24,2.07,2.07,2.07,2.07,000,2.07
2014-12-23,2.07,2.07,2.07,2.07,000,2.07
2014-12-22,2.07,2.07,2.07,2.07,000,2.07
2014-12-19,2.07,2.07,2.07,2.07,000,2.07
2014-12-18,2.07,2.07,2.07,2.07,000,2.07
2014-12-17,2.07,2.07,2.07,2.07,000,2.07
2014-12-16,2.07,2.07,2.07,2.07,000,2.07
2014-12-15,2.07,2.07,2.07,2.07,000,2.07
2014-12-12,2.07,2.07,2.07,2.07,000,2.07
2014-12-11,2.07,2.07,2.07,2.07,000,2.07
2014-12-10,2.07,2.07,2.07,2.07,000,2.07
2014-12-09,2.07,2.07,2.07,2.07,000,2.07
2014-12-08,2.07,2.07,2.07,2.07,000,2.07
2014-12-05,2.07,2.07,2.07,2.07,000,2.07
2014-12-04,2.07,2.07,2.07,2.07,000,2.07
2014-12-03,2.07,2.07,2.07,2.07,000,2.07
2014-12-02,2.07,2.07,2.07,2.07,000,2.07
2014-12-01,2.07,2.07,2.07,2.07,000,2.07
2014-11-28,2.07,2.07,2.07,2.07,000,2.07
2014-11-27,2.07,2.07,2.07,2.07,000,2.07
2014-11-26,2.07,2.07,2.07,2.07,000,2.07
2014-11-25,2.07,2.07,2.07,2.07,000,2.07
2014-11-24,2.07,2.07,2.07,2.07,000,2.07
2014-11-21,2.07,2.07,2.07,2.07,000,2.07
2014-11-20,2.07,2.07,2.07,2.07,000,2.07
2014-11-19,2.07,2.07,2.07,2.07,000,2.07
2014-11-18,2.07,2.07,2.07,2.07,000,2.07
2014-11-17,2.07,2.07,2.07,2.07,000,2.07
2014-11-14,2.07,2.07,2.07,2.07,000,2.07
2014-11-13,2.07,2.07,2.07,2.07,000,2.07
2014-11-12,2.07,2.07,2.07,2.07,000,2.07
2014-11-11,2.07,2.07,2.07,2.07,000,2.07
2014-11-10,2.07,2.07,2.07,2.07,000,2.07
2014-11-07,2.07,2.07,2.07,2.07,000,2.07
2014-11-06,2.07,2.07,2.07,2.07,000,2.07
2014-11-05,2.07,2.07,2.07,2.07,000,2.07
2014-11-04,2.07,2.07,2.07,2.07,000,2.07
2014-11-03,2.07,2.07,2.07,2.07,000,2.07
2014-10-31,2.07,2.07,2.07,2.07,000,2.07
2014-10-30,2.07,2.07,2.07,2.07,000,2.07
2014-10-29,2.07,2.07,2.07,2.07,000,2.07
2014-10-28,2.07,2.07,2.07,2.07,000,2.07
2014-10-27,2.07,2.07,2.07,2.07,000,2.07
2014-10-24,2.07,2.07,2.07,2.07,000,2.07
2014-10-23,2.07,2.07,2.07,2.07,000,2.07
2014-10-22,2.07,2.07,2.07,2.07,000,2.07
2014-10-21,2.07,2.07,2.07,2.07,000,2.07
2014-10-20,2.07,2.07,2.07,2.07,000,2.07
2014-10-17,2.07,2.07,2.07,2.07,000,2.07
2014-10-16,2.07,2.07,2.07,2.07,000,2.07
2014-10-15,2.07,2.07,2.07,2.07,000,2.07
2014-10-14,2.07,2.07,2.07,2.07,000,2.07
2014-10-13,2.07,2.07,2.07,2.07,000,2.07
2014-10-10,2.07,2.07,2.07,2.07,000,2.07
2014-10-09,2.07,2.07,2.07,2.07,000,2.07
2014-10-08,2.07,2.07,2.07,2.07,000,2.07
2014-10-07,2.07,2.07,2.07,2.07,000,2.07
2014-10-06,2.07,2.07,2.07,2.07,000,2.07
2014-10-03,2.07,2.07,2.07,2.07,000,2.07
2014-10-02,2.07,2.07,2.07,2.07,000,2.07
2014-10-01,2.07,2.07,2.07,2.07,000,2.07
2014-09-30,2.07,2.07,2.07,2.07,000,2.07
2014-09-29,2.07,2.07,2.07,2.07,000,2.07
2014-09-26,2.07,2.07,2.07,2.07,000,2.07
2014-09-25,2.07,2.07,2.07,2.07,000,2.07
2014-09-24,2.07,2.07,2.07,2.07,000,2.07
2014-09-23,2.07,2.07,2.07,2.07,000,2.07
2014-09-22,2.07,2.07,2.07,2.07,000,2.07
2014-09-19,2.07,2.07,2.07,2.07,000,2.07
2014-09-18,2.07,2.07,2.07,2.07,000,2.07
2014-09-17,2.07,2.07,2.07,2.07,000,2.07
2014-09-16,2.07,2.07,2.07,2.07,000,2.07
2014-09-15,2.07,2.07,2.07,2.07,000,2.07
2014-09-12,2.07,2.07,2.07,2.07,000,2.07
2014-09-11,2.07,2.07,2.07,2.07,000,2.07
2014-09-10,2.07,2.07,2.07,2.07,000,2.07
2014-09-09,2.07,2.07,2.07,2.07,000,2.07
2014-09-08,2.07,2.07,2.07,2.07,000,2.07
2014-09-05,2.07,2.07,2.07,2.07,000,2.07
2014-09-04,2.07,2.07,2.07,2.07,000,2.07
2014-09-03,2.07,2.07,2.07,2.07,000,2.07
2014-09-02,2.07,2.07,2.07,2.07,000,2.07
2014-09-01,2.07,2.07,2.07,2.07,000,2.07
2014-08-29,2.07,2.07,2.07,2.07,000,2.07
2014-08-28,2.07,2.07,2.07,2.07,000,2.07
2014-08-27,2.07,2.07,2.07,2.07,000,2.07
2014-08-26,2.07,2.07,2.07,2.07,000,2.07
2014-08-25,2.07,2.07,2.07,2.07,000,2.07
2014-08-22,2.07,2.07,2.07,2.07,000,2.07
2014-08-21,2.07,2.07,2.07,2.07,000,2.07
2014-08-20,2.07,2.07,2.07,2.07,000,2.07
2014-08-19,2.07,2.07,2.07,2.07,000,2.07
2014-08-18,2.07,2.07,2.07,2.07,000,2.07
2014-08-15,2.07,2.07,2.07,2.07,000,2.07
2014-08-14,2.07,2.07,2.07,2.07,000,2.07
2014-08-13,2.07,2.07,2.07,2.07,000,2.07
2014-08-12,2.07,2.07,2.07,2.07,000,2.07
2014-08-11,2.07,2.07,2.07,2.07,000,2.07
2014-08-08,2.07,2.07,2.07,2.07,000,2.07
2014-08-07,2.07,2.07,2.07,2.07,000,2.07
2014-08-06,2.07,2.07,2.07,2.07,000,2.07
2014-08-05,2.07,2.07,2.07,2.07,000,2.07
2014-08-04,2.07,2.07,2.07,2.07,000,2.07
2014-08-01,2.07,2.07,2.07,2.07,000,2.07
2014-07-31,2.07,2.07,2.07,2.07,000,2.07
2014-07-30,2.07,2.07,2.07,2.07,000,2.07
2014-07-29,2.07,2.07,2.07,2.07,000,2.07
2014-07-28,2.07,2.07,2.07,2.07,000,2.07
2014-07-25,2.07,2.07,2.07,2.07,000,2.07
2014-07-24,2.07,2.07,2.07,2.07,000,2.07
2014-07-23,2.07,2.07,2.07,2.07,000,2.07
2014-07-22,2.07,2.07,2.07,2.07,000,2.07
2014-07-21,2.07,2.07,2.07,2.07,000,2.07
2014-07-18,2.07,2.07,2.07,2.07,000,2.07
2014-07-17,2.07,2.07,2.07,2.07,000,2.07
2014-07-16,2.07,2.07,2.07,2.07,000,2.07
2014-07-15,2.07,2.07,2.07,2.07,000,2.07
2014-07-14,2.07,2.07,2.07,2.07,000,2.07
2014-07-11,2.07,2.07,2.07,2.07,000,2.07
2014-07-10,2.07,2.07,2.07,2.07,000,2.07
2014-07-09,2.07,2.07,2.07,2.07,000,2.07
2014-07-08,2.07,2.07,2.07,2.07,000,2.07
2014-07-07,2.07,2.07,2.07,2.07,000,2.07
2014-07-04,2.07,2.07,2.07,2.07,000,2.07
2014-07-03,2.07,2.07,2.07,2.07,000,2.07
2014-07-02,2.07,2.07,2.07,2.07,000,2.07
2014-07-01,2.07,2.07,2.07,2.07,000,2.07
2014-06-30,2.07,2.07,2.07,2.07,000,2.07
2014-06-27,2.07,2.07,2.07,2.07,000,2.07
2014-06-26,2.07,2.07,2.07,2.07,000,2.07
2014-06-25,2.07,2.07,2.07,2.07,000,2.07
2014-06-24,2.07,2.07,2.07,2.07,000,2.07
2014-06-23,2.07,2.07,2.07,2.07,000,2.07
2014-06-20,2.07,2.07,2.07,2.07,000,2.07
2014-06-19,2.07,2.07,2.07,2.07,000,2.07
2014-06-18,2.07,2.07,2.07,2.07,000,2.07
2014-06-17,2.07,2.07,2.07,2.07,000,2.07
2014-06-16,2.07,2.07,2.07,2.07,000,2.07
2014-06-13,2.07,2.07,2.07,2.07,000,2.07
2014-06-12,2.07,2.07,2.07,2.07,000,2.07
2014-06-11,2.07,2.07,2.07,2.07,000,2.07
2014-06-10,2.07,2.07,2.07,2.07,000,2.07
2014-06-09,2.07,2.07,2.07,2.07,000,2.07
2014-06-06,2.07,2.07,2.07,2.07,000,2.07
2014-06-05,2.07,2.07,2.07,2.07,000,2.07
2014-06-04,2.07,2.07,2.07,2.07,000,2.07
2014-06-03,2.07,2.07,2.07,2.07,000,2.07
2014-06-02,2.07,2.07,2.07,2.07,000,2.07
2014-05-30,2.07,2.07,2.07,2.07,000,2.07
2014-05-29,2.07,2.07,2.07,2.07,000,2.07
2014-05-28,2.07,2.07,2.07,2.07,000,2.07
2014-05-27,2.07,2.07,2.07,2.07,000,2.07
2014-05-26,2.07,2.07,2.07,2.07,000,2.07
2014-05-23,2.07,2.07,2.07,2.07,000,2.07
2014-05-22,2.07,2.07,2.07,2.07,000,2.07
2014-05-21,2.07,2.07,2.07,2.07,000,2.07
2014-05-20,2.07,2.07,2.07,2.07,000,2.07
2014-05-19,2.07,2.07,2.07,2.07,000,2.07
2014-05-16,2.07,2.07,2.07,2.07,000,2.07
2014-05-15,2.07,2.07,2.07,2.07,000,2.07
2014-05-14,2.07,2.07,2.07,2.07,000,2.07
2014-05-13,2.07,2.07,2.07,2.07,000,2.07
2014-05-12,2.07,2.07,2.07,2.07,000,2.07
2014-05-09,2.07,2.07,2.07,2.07,000,2.07
2014-05-08,2.07,2.07,2.07,2.07,000,2.07
2014-05-07,2.07,2.07,2.07,2.07,000,2.07
2014-05-06,2.07,2.07,2.07,2.07,000,2.07
2014-05-05,2.07,2.07,2.07,2.07,000,2.07
2014-05-02,2.07,2.07,2.07,2.07,000,2.07
2014-05-01,2.07,2.07,2.07,2.07,000,2.07
2014-04-30,2.07,2.07,2.07,2.07,000,2.07
2014-04-29,2.07,2.07,2.07,2.07,000,2.07
2014-04-28,2.07,2.07,2.07,2.07,000,2.07
2014-04-25,2.07,2.07,2.07,2.07,000,2.07
2014-04-24,2.07,2.07,2.07,2.07,000,2.07
2014-04-23,2.07,2.07,2.07,2.07,000,2.07
2014-04-22,2.07,2.07,2.07,2.07,000,2.07
2014-04-21,2.07,2.07,2.07,2.07,000,2.07
2014-04-18,2.07,2.07,2.07,2.07,000,2.07
2014-04-17,2.07,2.07,2.07,2.07,000,2.07
2014-04-16,2.07,2.07,2.07,2.07,000,2.07
2014-04-15,2.07,2.07,2.07,2.07,000,2.07
2014-04-14,2.07,2.07,2.07,2.07,000,2.07
2014-04-11,2.07,2.07,2.07,2.07,000,2.07
2014-04-10,2.07,2.07,2.07,2.07,000,2.07
2014-04-09,2.07,2.07,2.07,2.07,000,2.07
2014-04-08,2.07,2.07,2.07,2.07,000,2.07
2014-04-07,2.07,2.07,2.07,2.07,000,2.07
2014-04-04,2.07,2.07,2.07,2.07,000,2.07
2014-04-03,2.07,2.07,2.07,2.07,000,2.07
2014-04-02,2.07,2.07,2.07,2.07,000,2.07
2014-04-01,2.07,2.07,2.07,2.07,000,2.07
2014-03-31,2.07,2.07,2.07,2.07,000,2.07
2014-03-28,2.07,2.07,2.07,2.07,000,2.07
2014-03-27,2.07,2.07,2.07,2.07,000,2.07
2014-03-26,2.07,2.07,2.07,2.07,000,2.07
2014-03-25,2.07,2.07,2.07,2.07,000,2.07
2014-03-24,2.07,2.07,2.07,2.07,000,2.07
2014-03-21,2.07,2.07,2.07,2.07,000,2.07
2014-03-20,2.07,2.07,2.07,2.07,000,2.07
2014-03-19,2.07,2.07,2.07,2.07,000,2.07
2014-03-18,2.07,2.07,2.07,2.07,000,2.07
2014-03-17,2.07,2.07,2.07,2.07,000,2.07
2014-03-14,2.07,2.07,2.07,2.07,000,2.07
2014-03-13,2.07,2.07,2.07,2.07,000,2.07
2014-03-12,2.07,2.07,2.07,2.07,000,2.07
2014-03-11,2.07,2.07,2.07,2.07,000,2.07
2014-03-10,2.07,2.07,2.07,2.07,000,2.07
2014-03-07,2.15,2.23,2.07,2.07,51300,2.07
2014-03-06,2.06,2.20,2.06,2.17,13000,2.17
2014-03-05,2.19,2.19,2.04,2.14,19600,2.14
2014-03-04,2.14,2.14,2.04,2.12,16800,2.12
2014-03-03,2.16,2.20,2.00,2.14,40300,2.14
2014-02-28,2.11,2.20,2.04,2.10,36200,2.10
2014-02-27,2.10,2.10,2.10,2.10,000,2.10
2014-02-26,2.12,2.25,2.08,2.10,31900,2.10
2014-02-25,2.20,2.31,2.13,2.15,13100,2.15
2014-02-24,2.13,2.21,2.10,2.20,25900,2.20
2014-02-21,2.20,2.20,2.11,2.11,36700,2.11
2014-02-20,2.28,2.29,2.16,2.18,18900,2.18
2014-02-19,2.24,2.36,2.16,2.30,24300,2.30
2014-02-18,2.23,2.32,2.22,2.26,6600,2.26
2014-02-17,2.26,2.35,2.17,2.22,33000,2.22
2014-02-14,2.30,2.41,2.22,2.26,11700,2.26
2014-02-13,2.35,2.40,2.31,2.31,4000,2.31
2014-02-12,2.35,2.50,2.35,2.38,8400,2.38
2014-02-11,2.35,2.58,2.35,2.39,7500,2.39
2014-02-10,2.28,2.50,2.28,2.47,41300,2.47
2014-02-07,2.48,2.48,2.27,2.39,7900,2.39
2014-02-06,2.27,2.38,2.25,2.38,22900,2.38
2014-02-05,2.35,2.35,2.26,2.27,9100,2.27
2014-02-04,2.20,2.36,2.20,2.26,22100,2.26
2014-02-03,2.35,2.49,2.30,2.36,22600,2.36
2014-01-31,2.35,2.48,2.30,2.42,15000,2.42
2014-01-30,2.40,2.49,2.30,2.40,10000,2.40
2014-01-29,2.40,2.60,2.36,2.40,39500,2.40
2014-01-28,2.60,2.60,2.48,2.48,18700,2.48
2014-01-27,2.65,2.65,2.61,2.61,23200,2.61
2014-01-24,2.87,2.87,2.64,2.74,20600,2.74
2014-01-23,2.78,2.80,2.65,2.77,23600,2.77
2014-01-22,2.58,2.80,2.58,2.75,22300,2.75
2014-01-21,2.80,2.85,2.62,2.67,33700,2.67
2014-01-20,2.52,2.78,2.52,2.75,15900,2.75
2014-01-17,2.80,2.84,2.65,2.65,26800,2.65
2014-01-16,2.57,2.80,2.57,2.78,33800,2.78
2014-01-15,2.62,2.78,2.61,2.67,8600,2.67
2014-01-14,2.75,2.75,2.55,2.72,15200,2.72
2014-01-13,2.75,2.80,2.62,2.63,54600,2.63
2014-01-10,2.85,2.85,2.75,2.75,39600,2.75
2014-01-09,2.85,2.94,2.78,2.89,36100,2.89
2014-01-08,2.85,2.99,2.80,2.88,118100,2.88
2014-01-07,2.93,2.94,2.68,2.85,57400,2.85
2014-01-06,2.88,3.01,2.80,2.81,59100,2.81
2014-01-03,2.98,2.99,2.80,2.88,46800,2.88
2014-01-02,3.00,3.10,2.85,2.85,139600,2.85
2014-01-01,3.10,3.10,2.84,2.99,94000,2.99
2013-12-31,2.97,2.97,2.86,2.97,78500,2.97
2013-12-30,2.83,2.83,2.70,2.83,124800,2.83
2013-12-27,2.70,2.70,2.68,2.70,50200,2.70
2013-12-26,2.55,2.58,2.41,2.58,109200,2.58
2013-12-25,2.46,2.46,2.46,2.46,000,2.46
2013-12-24,2.45,2.48,2.35,2.46,71200,2.46
2013-12-23,2.37,2.37,2.31,2.37,74900,2.37
2013-12-20,2.24,2.27,2.17,2.26,113700,2.26
2013-12-19,2.25,2.25,2.13,2.17,53600,2.17
2013-12-18,2.16,2.25,2.13,2.20,38800,2.20
2013-12-17,2.14,2.29,2.11,2.21,91600,2.21
2013-12-16,2.22,2.32,2.15,2.19,106100,2.19
2013-12-13,2.32,2.41,2.25,2.26,85400,2.26
2013-12-12,2.35,2.47,2.35,2.36,46100,2.36
2013-12-11,2.39,2.53,2.29,2.38,141000,2.38
2013-12-10,2.47,2.50,2.41,2.41,145400,2.41
2013-12-09,2.56,2.69,2.50,2.53,135700,2.53
2013-12-06,2.51,2.75,2.50,2.57,160400,2.57
2013-12-05,2.86,3.03,2.67,2.74,144900,2.74
2013-12-04,2.91,3.05,2.83,2.96,100600,2.96
2013-12-03,3.15,3.60,3.07,3.12,26600,3.12
2013-12-02,3.35,3.35,3.20,3.28,7800,3.28
2013-11-29,3.19,3.34,3.12,3.20,28500,3.20
2013-11-28,3.28,3.28,3.05,3.06,28800,3.06
2013-11-27,3.25,3.30,3.11,3.13,44800,3.13
2013-11-26,3.15,3.43,3.14,3.26,74600,3.26
2013-11-25,3.10,3.30,3.10,3.19,22900,3.19
2013-11-22,3.64,3.65,3.15,3.18,45600,3.18
2013-11-21,3.60,3.60,3.30,3.34,37900,3.34
2013-11-20,3.20,3.49,3.10,3.45,23700,3.45
2013-11-19,3.14,3.35,3.12,3.18,21500,3.18
2013-11-18,3.17,3.40,3.15,3.18,38900,3.18
2013-11-15,3.28,3.28,3.28,3.28,000,3.28
2013-11-14,3.15,3.50,3.15,3.28,10400,3.28
2013-11-13,3.15,3.50,3.15,3.27,54100,3.27
2013-11-12,3.46,3.57,3.37,3.41,30200,3.41
2013-11-11,3.75,3.75,3.45,3.57,20900,3.57
2013-11-08,3.68,3.85,3.43,3.47,132400,3.47
2013-11-07,3.50,3.81,3.50,3.80,199700,3.80
2013-11-06,3.35,3.47,3.20,3.47,10300,3.47
2013-11-05,3.37,3.37,3.15,3.31,6500,3.31
2013-11-04,3.06,3.06,3.06,3.06,000,3.06
2013-11-01,3.10,3.20,3.00,3.06,94600,3.06
2013-10-31,3.20,3.20,3.03,3.05,70600,3.05
2013-10-30,3.07,3.15,3.05,3.09,127100,3.09
2013-10-29,3.30,3.34,3.21,3.21,35200,3.21
2013-10-28,3.54,3.54,3.32,3.37,22200,3.37
2013-10-25,3.60,3.60,3.48,3.49,95300,3.49
2013-10-24,3.80,3.90,3.62,3.66,32600,3.66
2013-10-23,3.80,3.80,3.66,3.80,92600,3.80
2013-10-22,3.56,3.62,3.55,3.62,9600,3.62
2013-10-21,3.14,3.45,3.14,3.45,28500,3.45
2013-10-18,3.30,3.47,3.25,3.29,16800,3.29
2013-10-17,3.55,3.55,3.37,3.37,12000,3.37
2013-10-16,3.54,3.54,3.54,3.54,000,3.54
2013-10-15,3.86,3.90,3.54,3.54,71300,3.54
2013-10-14,3.72,3.72,3.51,3.72,66200,3.72
2013-10-11,3.55,3.55,3.50,3.55,35000,3.55
2013-10-10,3.25,3.39,3.25,3.39,21900,3.39
2013-10-09,3.05,3.30,3.05,3.23,11300,3.23
2013-10-08,3.10,3.17,3.00,3.15,8600,3.15
2013-10-07,2.98,3.23,2.98,3.11,30700,3.11
2013-10-04,3.15,3.20,3.13,3.13,9600,3.13
2013-10-03,3.20,3.31,3.16,3.29,6300,3.29
2013-10-02,3.17,3.17,3.17,3.17,000,3.17
2013-10-01,3.15,3.22,3.05,3.17,23000,3.17
2013-09-30,3.05,3.25,3.03,3.07,26500,3.07
2013-09-27,2.95,3.19,2.95,3.18,12800,3.18
2013-09-26,3.05,3.20,3.04,3.04,13500,3.04
2013-09-25,3.10,3.25,3.10,3.19,9300,3.19
2013-09-24,3.20,3.30,3.14,3.14,9200,3.14
2013-09-23,3.44,3.44,3.25,3.30,24900,3.30
2013-09-20,3.55,3.59,3.35,3.38,15900,3.38
2013-09-19,3.30,3.49,3.21,3.42,25300,3.42
2013-09-18,3.45,3.49,3.30,3.33,7900,3.33
2013-09-17,3.80,3.80,3.45,3.45,42000,3.45
2013-09-16,4.00,4.00,3.63,3.63,35400,3.63
2013-09-13,4.21,4.21,3.81,3.82,109000,3.82
2013-09-12,4.00,4.01,3.60,4.01,82000,4.01
2013-09-11,3.65,3.65,3.60,3.65,14000,3.65
2013-09-10,2.93,3.32,2.93,3.32,26100,3.32
2013-09-09,3.02,3.02,3.02,3.02,000,3.02
2013-09-06,3.00,3.16,2.75,3.02,18700,3.02
2013-09-05,2.77,2.95,2.75,2.94,18600,2.94
2013-09-04,2.90,2.90,2.76,2.83,8700,2.83
2013-09-03,2.98,2.99,2.80,2.90,11500,2.90
2013-09-02,2.75,2.88,2.73,2.88,37100,2.88
2013-08-30,2.80,2.90,2.70,2.75,25200,2.75
2013-08-29,2.95,2.95,2.81,2.81,12200,2.81
2013-08-28,2.87,3.00,2.86,2.95,12700,2.95
2013-08-27,2.95,3.09,2.86,3.00,8200,3.00
2013-08-26,2.95,3.09,2.95,3.00,3200,3.00
2013-08-23,3.14,3.14,2.90,3.01,5800,3.01
2013-08-22,2.90,3.05,2.86,3.04,15600,3.04
2013-08-21,2.99,3.10,2.86,2.96,21300,2.96
2013-08-20,3.01,3.01,3.01,3.01,11200,3.01
2013-08-19,3.30,3.35,3.16,3.16,2200,3.16
2013-08-16,3.31,3.47,3.27,3.32,37900,3.32
2013-08-15,3.31,3.31,3.31,3.31,000,3.31
2013-08-14,3.30,3.32,3.15,3.31,46400,3.31
2013-08-13,3.01,3.17,3.01,3.17,11000,3.17
2013-08-12,2.80,3.02,2.80,3.02,11300,3.02
2013-08-09,2.88,2.88,2.88,2.88,000,2.88
2013-08-08,2.95,2.95,2.80,2.88,6200,2.88
2013-08-07,2.76,2.95,2.76,2.85,4800,2.85
2013-08-06,2.95,3.00,2.81,2.90,5800,2.90
2013-08-05,3.00,3.01,2.86,2.94,13500,2.94
2013-08-02,2.95,3.00,2.85,2.94,21500,2.94
2013-08-01,3.10,3.10,2.93,2.96,12000,2.96
2013-07-31,3.35,3.35,3.06,3.08,8000,3.08
2013-07-30,3.48,3.48,3.16,3.22,6900,3.22
2013-07-29,3.40,3.49,3.25,3.32,3900,3.32
2013-07-26,3.29,3.48,3.22,3.40,68300,3.40
2013-07-25,3.45,3.57,3.38,3.38,39300,3.38
2013-07-24,3.80,3.80,3.48,3.55,20400,3.55
2013-07-23,3.58,3.69,3.42,3.66,27500,3.66
2013-07-22,3.50,3.65,3.50,3.52,7600,3.52
2013-07-19,3.75,3.75,3.57,3.60,23300,3.60
2013-07-18,3.85,3.90,3.72,3.75,6100,3.75
2013-07-17,3.90,4.09,3.80,3.85,10200,3.85
2013-07-16,4.34,4.34,3.95,3.95,40700,3.95
2013-07-15,4.20,4.20,4.00,4.15,16400,4.15
2013-07-12,4.32,4.50,3.94,3.94,37400,3.94
2013-07-11,4.20,4.49,4.09,4.37,100000,4.37
2013-07-10,3.99,4.09,3.75,4.09,73900,4.09
2013-07-09,3.55,3.72,3.52,3.72,35300,3.72
2013-07-08,3.40,3.50,3.30,3.39,11200,3.39
2013-07-05,3.55,3.55,3.45,3.46,11600,3.46
2013-07-04,3.60,3.60,3.32,3.55,6400,3.55
2013-07-03,3.70,3.74,3.43,3.43,8100,3.43
2013-07-02,3.61,3.62,3.50,3.61,9200,3.61
2013-07-01,3.50,3.60,3.41,3.45,38900,3.45
2013-06-28,3.31,3.48,3.30,3.45,20100,3.45
2013-06-27,3.45,3.45,3.26,3.44,29200,3.44
2013-06-26,3.42,3.54,3.28,3.29,9600,3.29
2013-06-25,3.75,3.75,3.41,3.45,17900,3.45
2013-06-24,3.48,3.69,3.48,3.58,21800,3.58
2013-06-21,3.89,3.89,3.56,3.61,16400,3.61
2013-06-20,4.10,4.10,3.74,3.74,45000,3.74
2013-06-19,3.94,3.94,3.82,3.93,41700,3.93
2013-06-18,3.50,3.76,3.50,3.76,13400,3.76
2013-06-17,3.10,3.45,3.10,3.42,40800,3.42
2013-06-14,2.95,3.18,2.90,3.14,30500,3.14
2013-06-13,2.75,3.05,2.75,2.92,23100,2.92
2013-06-12,2.95,2.98,2.87,2.90,16000,2.90
2013-06-11,3.10,3.10,2.96,3.00,8600,3.00
2013-06-10,3.50,3.50,3.17,3.20,25400,3.20
2013-06-07,3.48,3.55,3.38,3.50,20600,3.50
2013-06-06,3.50,3.50,3.16,3.48,17800,3.48
2013-06-05,3.35,3.55,3.35,3.44,24000,3.44
2013-06-04,3.55,3.55,3.36,3.40,26900,3.40
2013-06-03,3.60,3.64,3.41,3.49,32200,3.49
2013-05-31,3.90,3.90,3.56,3.57,24800,3.57
2013-05-30,3.85,3.95,3.55,3.70,5700,3.70
2013-05-29,3.85,4.00,3.71,3.79,15500,3.79
2013-05-28,3.80,3.95,3.75,3.86,5300,3.86
2013-05-27,3.90,3.90,3.80,3.85,10200,3.85
2013-05-24,3.80,3.90,3.55,3.74,27000,3.74
2013-05-23,3.90,4.04,3.80,3.88,10500,3.88
2013-05-22,4.00,4.15,3.90,3.97,20300,3.97
2013-05-21,4.20,4.20,3.96,4.03,25700,4.03
2013-05-20,4.35,4.45,4.11,4.14,9500,4.14
2013-05-17,3.92,4.49,3.92,4.31,17800,4.31
2013-05-16,4.30,4.60,4.25,4.26,19600,4.26
2013-05-15,4.35,4.52,4.10,4.33,23400,4.33
2013-05-14,4.15,4.55,4.15,4.52,26000,4.52
2013-05-13,4.75,4.75,4.37,4.37,59900,4.37
2013-05-10,4.78,4.78,4.50,4.78,101200,4.78
2013-05-09,4.01,4.35,4.01,4.35,60900,4.35
2013-05-08,3.95,4.00,3.69,3.96,45500,3.96
2013-05-07,4.07,4.08,3.87,3.90,72300,3.90
2013-05-06,4.30,4.45,4.07,4.07,60600,4.07
2013-05-03,4.27,4.45,4.27,4.28,25000,4.28
2013-05-02,4.59,4.59,4.39,4.49,14600,4.49
2013-05-01,4.57,4.57,4.57,4.57,000,4.57
2013-04-30,4.70,4.78,4.50,4.57,16900,4.57
2013-04-29,4.90,4.94,4.55,4.69,26000,4.69
2013-04-26,4.85,4.89,4.70,4.75,16400,4.75
2013-04-25,4.85,4.90,4.66,4.76,28500,4.76
2013-04-24,4.88,4.88,4.88,4.88,000,4.88
2013-04-23,5.00,5.04,4.77,4.88,14800,4.88
2013-04-22,4.85,5.10,4.76,4.99,21800,4.99
2013-04-19,4.94,4.94,4.94,4.94,000,4.94
2013-04-18,5.15,5.15,4.77,4.94,11100,4.94
2013-04-17,4.90,4.99,4.85,4.92,3600,4.92
2013-04-16,5.10,5.10,4.74,4.83,10500,4.83
2013-04-15,5.00,5.00,4.85,4.88,7400,4.88
2013-04-12,5.10,5.10,4.76,4.80,68900,4.80
2013-04-11,5.20,5.20,4.90,5.00,8800,5.00
2013-04-10,5.04,5.10,4.90,4.96,6100,4.96
2013-04-09,5.00,5.14,4.85,4.90,13200,4.90
2013-04-08,4.87,5.09,4.87,4.94,7600,4.94
2013-04-05,5.15,5.27,5.07,5.08,23400,5.08
2013-04-04,5.65,5.65,5.33,5.33,34000,5.33
2013-04-03,5.40,5.61,5.30,5.61,17200,5.61
2013-04-02,5.15,5.41,5.06,5.35,26800,5.35
2013-04-01,5.09,5.23,4.91,5.17,37300,5.17
2013-03-29,5.00,5.00,5.00,5.00,000,5.00
2013-03-28,4.85,5.19,4.75,5.00,63500,5.00
2013-03-27,4.95,4.95,4.95,4.95,000,4.95
2013-03-26,5.00,5.10,4.75,4.95,24600,4.95
2013-03-25,5.00,5.33,4.99,4.99,105400,4.99
2013-03-22,5.45,5.45,5.25,5.25,26600,5.25
2013-03-21,5.78,5.84,5.50,5.52,27100,5.52
2013-03-20,6.00,6.09,5.78,5.78,24200,5.78
2013-03-19,6.03,6.48,5.95,6.08,16500,6.08
2013-03-18,6.15,6.44,6.05,6.25,29100,6.25
2013-03-15,6.45,6.50,6.36,6.36,18600,6.36
2013-03-14,7.24,7.24,6.69,6.69,28200,6.69
2013-03-13,7.00,7.24,6.73,7.04,103500,7.04
2013-03-12,6.89,6.97,6.76,6.97,57600,6.97
2013-03-11,6.59,6.64,6.44,6.64,33300,6.64
2013-03-08,6.33,6.33,6.12,6.33,42900,6.33
2013-03-07,5.95,6.03,5.80,6.03,61000,6.03
2013-03-06,5.50,5.75,5.40,5.75,35400,5.75
2013-03-05,5.55,5.79,5.44,5.48,37200,5.48
2013-03-04,6.00,6.00,5.72,5.72,15900,5.72
2013-03-01,6.19,6.19,5.86,6.02,32400,6.02
2013-02-28,6.08,6.45,5.97,6.00,76500,6.00
2013-02-27,6.15,6.65,6.09,6.28,100200,6.28
2013-02-26,6.60,6.68,6.41,6.41,30400,6.41
2013-02-25,7.19,7.24,6.63,6.74,106400,6.74
2013-02-22,6.97,6.97,6.52,6.97,77600,6.97
2013-02-21,6.50,6.64,6.10,6.64,55400,6.64
2013-02-20,6.95,6.95,6.33,6.33,194700,6.33
2013-02-19,6.70,7.00,6.30,6.66,356300,6.66
2013-02-18,8.00,8.00,6.61,6.89,185600,6.89
2013-02-15,7.55,7.55,7.02,7.34,62100,7.34
2013-02-14,8.30,8.30,7.70,7.79,22300,7.79
2013-02-13,8.50,8.78,8.20,8.31,28200,8.31
2013-02-12,7.90,8.54,7.90,8.26,145600,8.26
2013-02-11,8.50,8.60,7.62,7.77,161600,7.77
2013-02-08,9.05,9.10,8.36,8.43,156400,8.43
2013-02-07,10.50,10.50,8.45,9.01,121700,9.01
2013-02-06,10.40,10.59,9.67,9.74,156200,9.74
2013-02-05,11.10,11.25,10.00,10.48,92900,10.48
2013-02-04,11.48,11.56,10.83,11.05,66900,11.05
2013-02-01,11.60,11.90,11.20,11.27,67300,11.27
2013-01-31,11.75,11.75,11.20,11.42,54700,11.42
2013-01-30,12.25,12.25,11.50,11.78,10200,11.78
2013-01-29,12.37,12.45,11.95,12.15,33400,12.15
2013-01-28,11.60,12.91,11.46,12.37,95200,12.37
2013-01-25,11.70,11.95,11.10,11.52,59500,11.52
2013-01-24,12.50,12.50,11.80,11.87,68300,11.87
2013-01-23,12.85,13.25,12.25,12.36,98900,12.36
2013-01-22,13.05,13.05,12.70,12.86,50000,12.86
2013-01-21,13.35,13.49,13.06,13.13,31800,13.13
2013-01-18,13.50,13.50,13.00,13.09,63800,13.09
2013-01-17,13.89,13.89,13.30,13.40,52700,13.40
2013-01-16,14.00,14.06,13.57,13.62,29800,13.62
2013-01-15,13.86,14.10,13.75,13.80,29100,13.80
2013-01-14,13.90,14.00,13.75,13.88,54100,13.88
2013-01-11,14.25,14.55,13.75,13.79,69400,13.79
2013-01-10,14.21,14.39,14.01,14.11,19100,14.11
2013-01-09,14.55,14.90,14.20,14.24,43700,14.24
2013-01-08,14.40,14.60,14.07,14.38,42200,14.38
2013-01-07,14.62,14.62,14.11,14.19,25000,14.19
2013-01-04,14.40,14.60,14.07,14.32,35200,14.32
2013-01-03,14.55,14.73,14.30,14.35,22500,14.35
2013-01-02,14.35,14.90,14.26,14.44,46400,14.44
2013-01-01,13.85,14.49,13.60,14.18,74200,14.18
2012-12-31,13.90,13.90,13.55,13.67,55300,13.67
2012-12-28,14.20,14.55,13.80,13.86,45700,13.86
2012-12-27,14.60,14.74,14.26,14.36,40900,14.36
2012-12-26,14.64,14.90,14.50,14.61,34500,14.61
2012-12-25,14.50,14.50,14.50,14.50,000,14.50
2012-12-24,14.50,14.74,14.32,14.50,31200,14.50
2012-12-21,14.84,14.94,14.33,14.43,80400,14.43
2012-12-20,15.00,15.25,14.66,14.81,36900,14.81
2012-12-19,15.20,15.30,14.81,14.98,59500,14.98
2012-12-18,15.09,15.23,14.82,14.95,58600,14.95
2012-12-17,15.15,15.28,14.70,14.82,118700,14.82
2012-12-14,15.85,15.85,14.75,14.85,114300,14.85
2012-12-13,16.50,16.60,15.15,15.42,171500,15.42
2012-12-12,16.78,16.85,16.05,16.33,149400,16.33
2012-12-11,17.60,17.64,16.55,16.75,247800,16.75
2012-12-10,16.50,17.60,16.22,17.32,350800,17.32
2012-12-07,17.55,17.55,16.20,16.36,269800,16.36
2012-12-06,17.50,17.80,17.25,17.45,364400,17.45
2012-12-05,16.55,18.00,16.50,17.10,1213800,17.10
2012-12-04,15.25,16.75,14.95,16.53,1318800,16.53
2012-12-03,14.85,15.59,14.65,15.05,936500,15.05
2012-11-30,15.50,15.64,14.75,14.84,351700,14.84
2012-11-29,14.60,15.68,14.55,15.12,1179200,15.12
2012-11-28,14.44,14.44,14.44,14.44,000,14.44
2012-11-27,13.35,15.26,13.25,14.44,924400,14.44
2012-11-26,13.45,13.51,13.00,13.12,51700,13.12
2012-11-23,13.85,13.95,13.20,13.30,43100,13.30
2012-11-22,13.90,14.17,13.55,13.65,103500,13.65
2012-11-21,15.00,15.00,13.50,13.93,401700,13.93
2012-11-20,12.90,14.20,12.90,13.49,611700,13.49
2012-11-19,13.20,15.00,12.55,12.71,451800,12.71
2012-11-16,13.99,14.05,12.80,12.92,207500,12.92
2012-11-15,13.44,14.50,13.03,13.75,159000,13.75
2012-11-14,13.19,13.19,13.19,13.19,000,13.19
2012-11-13,13.19,13.19,13.19,13.19,000,13.19
2012-11-12,13.75,13.80,12.90,13.19,157800,13.19
2012-11-09,14.20,14.25,13.50,13.65,107400,13.65
2012-11-08,14.45,14.90,13.95,14.05,163900,14.05
2012-11-07,14.45,16.42,14.10,14.85,1036500,14.85
2012-11-06,14.10,14.10,12.93,13.69,476700,13.69
2012-11-05,15.50,15.50,13.71,13.84,298400,13.84
2012-11-02,15.20,15.42,15.00,15.11,36400,15.11
2012-11-01,14.95,15.30,14.80,14.91,46200,14.91
2012-10-31,15.40,15.40,14.70,14.85,99500,14.85
2012-10-30,16.60,17.50,15.15,15.25,239700,15.25
2012-10-29,16.55,16.90,16.05,16.25,14500,16.25
2012-10-26,16.80,16.85,16.20,16.35,14000,16.35
2012-10-25,16.75,17.00,16.55,16.85,20900,16.85
2012-10-24,16.70,16.70,16.70,16.70,000,16.70
2012-10-23,17.20,17.65,16.05,16.70,46400,16.70
2012-10-22,16.15,17.15,16.15,16.85,54800,16.85
2012-10-19,16.80,17.00,16.35,16.75,52800,16.75
2012-10-18,17.50,17.50,16.20,16.50,310100,16.50
2012-10-17,18.20,18.55,16.75,16.90,249000,16.90
2012-10-16,18.95,19.10,18.05,18.10,21100,18.10
2012-10-15,18.90,19.15,18.55,18.75,32400,18.75
2012-10-12,18.90,19.45,18.40,18.50,26100,18.50
2012-10-11,19.70,20.10,18.85,19.05,51800,19.05
2012-10-10,18.70,20.25,18.60,19.55,233000,19.55
2012-10-09,18.70,18.75,18.25,18.45,26300,18.45
2012-10-08,18.85,18.90,18.00,18.20,19600,18.20
2012-10-05,17.60,19.20,17.55,18.30,161400,18.30
2012-10-04,17.95,18.10,17.50,17.65,49200,17.65
2012-10-03,18.05,18.15,17.40,17.60,47200,17.60
2012-10-02,17.75,17.75,17.75,17.75,000,17.75
2012-10-01,18.50,18.80,17.25,17.75,172000,17.75
2012-09-28,16.15,17.80,16.15,17.80,136800,17.80
2012-09-27,16.10,16.60,16.05,16.20,39900,16.20
2012-09-26,16.40,17.00,15.90,16.00,303300,16.00
2012-09-25,17.45,17.45,15.80,15.95,144000,15.95
2012-09-24,17.30,18.15,16.40,16.75,65400,16.75
2012-09-21,16.50,17.60,16.15,17.05,77200,17.05
2012-09-20,18.30,18.45,16.65,16.70,202700,16.70
2012-09-19,18.45,18.45,18.45,18.45,000,18.45
2012-09-18,18.35,18.75,18.05,18.45,10200,18.45
2012-09-17,19.20,19.25,18.55,18.70,28600,18.70
2012-09-14,18.40,19.00,18.25,18.80,13600,18.80
2012-09-13,19.15,19.20,18.45,18.50,4600,18.50
2012-09-12,19.05,19.75,18.70,18.75,8600,18.75
2012-09-11,18.30,19.35,18.30,18.75,8800,18.75
2012-09-10,19.05,19.60,18.45,18.75,7500,18.75
2012-09-07,19.00,20.00,18.65,19.15,38300,19.15
2012-09-06,17.55,18.20,17.10,18.20,17300,18.20
2012-09-05,18.05,18.60,17.30,17.35,69900,17.35
2012-09-04,19.20,19.50,18.15,18.20,66400,18.20
2012-09-03,20.95,21.00,19.05,19.10,46100,19.10
2012-08-31,19.50,20.25,19.35,20.00,14000,20.00
2012-08-30,21.00,21.00,19.05,19.30,23000,19.30
2012-08-29,19.80,20.00,19.80,20.00,9300,20.00
2012-08-28,18.50,19.05,18.50,19.05,8400,19.05
2012-08-27,19.40,19.40,18.15,18.15,4400,18.15
2012-08-24,19.40,19.40,18.35,18.60,8300,18.60
2012-08-23,18.50,18.90,18.45,18.70,11500,18.70
2012-08-22,18.30,19.25,18.30,18.85,4700,18.85
2012-08-21,19.90,19.90,18.50,18.95,6600,18.95
2012-08-20,19.10,19.10,19.10,19.10,000,19.10
2012-08-17,18.50,19.30,18.50,19.10,9700,19.10
2012-08-16,19.75,19.75,18.70,18.80,11400,18.80
2012-08-15,19.65,19.65,19.65,19.65,000,19.65
2012-08-14,19.90,19.90,18.75,19.65,2900,19.65
2012-08-13,20.00,20.40,19.10,19.50,6800,19.50
2012-08-10,20.40,20.40,19.25,19.70,5700,19.70
2012-08-09,20.55,20.55,19.75,20.00,8100,20.00
2012-08-08,21.20,21.20,20.15,20.20,24900,20.20
2012-08-07,23.00,23.25,21.10,21.20,45000,21.20
2012-08-06,21.95,22.20,21.95,22.20,21800,22.20
2012-08-03,21.15,21.15,20.50,21.15,39500,21.15
2012-08-02,20.15,20.15,20.15,20.15,2300,20.15
2012-08-01,19.20,19.20,18.50,19.20,4100,19.20
2012-07-31,17.70,18.30,17.50,18.30,8800,18.30
2012-07-30,17.45,17.65,17.15,17.45,31700,17.45
2012-07-27,18.50,19.60,18.00,18.00,6400,18.00
2012-07-26,19.00,19.00,18.10,18.90,12200,18.90
2012-07-25,19.00,19.30,18.50,19.05,4200,19.05
2012-07-24,19.30,20.10,18.60,18.95,6800,18.95
2012-07-23,19.65,20.40,19.30,19.45,10200,19.45
2012-07-20,20.95,20.95,19.95,20.30,2900,20.30
2012-07-19,19.55,20.50,19.55,20.40,5300,20.40
2012-07-18,19.45,20.50,19.25,19.95,7100,19.95
2012-07-17,21.00,21.45,20.00,20.00,13200,20.00
2012-07-16,21.60,21.90,20.75,21.00,9300,21.00
2012-07-13,21.80,21.80,21.20,21.45,9600,21.45
2012-07-12,22.50,22.50,21.00,21.30,9100,21.30
2012-07-11,21.30,22.35,21.00,21.65,12000,21.65
2012-07-10,21.20,22.00,20.75,21.70,6700,21.70
2012-07-09,22.50,22.50,21.30,21.50,9800,21.50
2012-07-06,22.75,23.10,21.75,22.15,18600,22.15
2012-07-05,22.85,23.40,21.90,22.25,44600,22.25
2012-07-04,22.80,24.70,22.55,23.05,14100,23.05
2012-07-03,24.10,24.10,23.00,23.70,32300,23.70
2012-07-02,21.10,23.25,21.05,23.25,27600,23.25
2012-06-29,22.05,23.30,21.90,22.15,58400,22.15
2012-06-28,24.15,24.30,23.00,23.00,34900,23.00
2012-06-27,25.00,25.00,23.50,24.20,62600,24.20
2012-06-26,22.10,23.85,21.75,23.85,19900,23.85
2012-06-25,22.60,23.65,22.60,22.75,17900,22.75
2012-06-22,25.20,25.20,23.75,23.75,20000,23.75
2012-06-21,24.05,25.35,23.60,24.95,37300,24.95
2012-06-20,23.05,25.45,23.05,24.35,207300,24.35
2012-06-19,24.25,24.25,24.25,24.25,3200,24.25
2012-06-18,25.50,25.50,25.50,25.50,2100,25.50
2012-06-15,26.80,26.80,26.80,26.80,4000,26.80
2012-06-14,31.10,31.10,28.20,28.20,149400,28.20
2012-06-13,29.65,29.65,29.65,29.65,4700,29.65
2012-06-12,28.25,28.25,28.00,28.25,7500,28.25
2012-06-11,26.95,26.95,26.90,26.95,12700,26.95
2012-06-08,25.70,25.70,25.25,25.70,48500,25.70
2012-06-07,24.50,24.50,23.65,24.50,158700,24.50
2012-06-06,23.35,23.35,23.35,23.35,3500,23.35
2012-06-05,22.25,22.25,22.25,22.25,4600,22.25
2012-06-04,20.95,21.20,20.05,21.20,61600,21.20
2012-06-01,19.90,20.20,19.90,20.20,56500,20.20
2012-05-31,18.90,19.25,17.45,19.25,189400,19.25
2012-05-30,18.35,18.35,18.35,18.35,7600,18.35
2012-05-29,17.50,17.50,17.35,17.50,7800,17.50
2012-05-28,16.65,16.70,16.00,16.70,186500,16.70
2012-05-25,15.80,15.95,15.25,15.95,12900,15.95
2012-05-24,16.30,16.30,15.10,15.20,46600,15.20
2012-05-23,15.70,16.35,15.25,15.60,53100,15.60
2012-05-22,17.00,17.10,15.90,16.00,36500,16.00
2012-05-21,16.10,16.70,16.10,16.45,14500,16.45
2012-05-18,16.80,17.00,15.70,16.05,17300,16.05
2012-05-17,16.85,17.70,16.20,16.25,35400,16.25
2012-05-16,17.50,17.50,16.80,16.95,19500,16.95
2012-05-15,18.00,18.40,17.50,17.65,34400,17.65
2012-05-14,18.50,19.15,18.00,18.40,23100,18.40
2012-05-11,18.60,18.95,18.20,18.35,31000,18.35
2012-05-10,19.25,20.00,18.85,18.95,7900,18.95
2012-05-09,20.75,21.00,19.20,19.25,61500,19.25
2012-05-08,20.25,20.25,19.15,20.20,46800,20.20
2012-05-07,18.15,20.00,18.15,19.30,30600,19.30
2012-05-04,21.00,21.00,19.10,19.10,34200,19.10
2012-05-03,20.50,21.55,20.05,20.10,20800,20.10
2012-05-02,21.85,21.90,21.05,21.10,16700,21.10
2012-05-01,21.35,21.35,21.35,21.35,000,21.35
2012-04-30,21.30,21.75,20.40,21.30,30100,21.30
2012-04-27,21.85,22.20,21.00,21.25,26900,21.25
2012-04-26,22.60,22.60,21.85,21.90,59300,21.90
2012-04-25,24.50,24.50,22.95,22.95,57500,22.95
2012-04-24,25.40,25.50,24.00,24.15,94100,24.15
2012-04-23,24.90,25.50,24.55,24.70,230100,24.70
2012-04-20,24.75,24.95,23.75,24.30,53800,24.30
2012-04-19,25.00,25.15,24.40,24.60,17200,24.60
2012-04-18,25.20,25.60,24.75,25.25,56300,25.25
2012-04-17,25.40,25.40,24.15,25.20,30700,25.20
2012-04-16,25.30,25.70,24.60,24.90,33300,24.90
2012-04-13,26.75,26.75,24.80,24.85,50300,24.85
2012-04-12,26.60,27.20,25.50,26.10,31200,26.10
2012-04-11,26.90,27.20,26.20,26.20,45100,26.20
2012-04-10,28.30,29.00,27.55,27.55,30600,27.55
2012-04-09,28.65,29.35,28.20,28.95,28500,28.95
2012-04-06,28.40,28.40,28.40,28.40,000,28.40
2012-04-05,28.40,28.40,28.40,28.40,000,28.40
2012-04-04,29.10,29.80,28.00,28.40,27900,28.40
2012-04-03,30.00,30.00,28.55,29.00,39700,29.00
2012-04-02,28.50,29.25,28.50,28.80,23800,28.80
2012-03-30,29.60,29.65,28.55,28.85,13600,28.85
2012-03-29,27.25,29.90,27.15,29.05,28000,29.05
2012-03-28,29.80,30.55,28.55,28.55,39900,28.55
2012-03-27,31.40,31.40,30.00,30.05,56700,30.05
2012-03-26,32.50,32.70,31.30,31.55,21300,31.55
2012-03-23,34.30,34.35,32.00,32.55,31100,32.55
2012-03-22,33.90,34.50,33.00,33.35,16300,33.35
2012-03-21,33.10,34.90,32.05,34.20,35100,34.20
2012-03-20,34.30,34.45,33.10,33.25,17000,33.25
2012-03-19,36.25,36.35,33.85,34.15,20700,34.15
2012-03-16,36.25,38.40,35.25,35.55,80500,35.55
2012-03-15,36.80,36.90,34.85,36.90,113400,36.90
2012-03-14,34.00,35.25,33.50,35.15,48400,35.15
2012-03-13,34.30,34.70,33.10,33.60,37800,33.60
2012-03-12,33.60,34.70,33.00,33.60,52700,33.60
2012-03-09,33.30,34.15,33.25,33.35,21700,33.35
2012-03-08,32.80,32.80,32.80,32.80,000,32.80
2012-03-07,32.70,34.45,31.70,32.80,65400,32.80
2012-03-06,34.00,34.95,32.80,32.90,20700,32.90
2012-03-05,35.50,35.70,34.30,34.50,9800,34.50
2012-03-02,35.50,36.60,34.40,35.65,80900,35.65
2012-03-01,36.40,36.95,34.55,34.90,39200,34.90
2012-02-29,36.15,36.15,35.10,36.15,171400,36.15
2012-02-28,31.25,34.45,31.25,34.45,62800,34.45
2012-02-27,33.20,34.45,32.85,32.85,24900,32.85
2012-02-24,36.00,36.00,34.55,34.55,28900,34.55
2012-02-23,37.95,37.95,36.35,36.35,28900,36.35
2012-02-22,40.25,41.35,38.25,38.25,57800,38.25
2012-02-21,41.00,42.70,39.75,40.25,73900,40.25
2012-02-20,41.45,41.45,41.45,41.45,000,41.45
2012-02-17,44.00,44.10,41.35,41.45,74200,41.45
2012-02-16,42.70,44.70,42.70,43.50,43600,43.50
2012-02-15,43.20,45.70,43.20,43.30,102500,43.30
2012-02-14,48.40,48.40,45.45,45.45,42700,45.45
2012-02-13,46.75,47.80,46.00,47.80,157400,47.80
2012-02-10,44.00,45.55,43.65,45.55,100200,45.55
2012-02-09,43.75,43.75,42.90,43.40,32900,43.40
2012-02-08,42.80,43.75,42.00,43.05,26700,43.05
2012-02-07,44.20,44.20,42.00,42.30,26400,42.30
2012-02-06,44.70,45.10,43.80,44.05,51400,44.05
2012-02-03,44.70,44.75,43.70,44.05,47000,44.05
2012-02-02,43.20,45.50,43.20,44.25,44100,44.25
2012-02-01,43.00,44.50,42.10,44.15,82200,44.15
2012-01-31,42.55,43.00,42.00,42.70,28800,42.70
2012-01-30,41.25,43.35,40.75,42.20,116800,42.20
2012-01-27,42.80,42.80,40.00,41.30,76400,41.30
2012-01-26,42.05,42.05,42.05,42.05,000,42.05
2012-01-25,42.25,43.50,41.80,42.05,45300,42.05
2012-01-24,42.30,43.65,41.60,42.40,30000,42.40
2012-01-23,43.75,44.75,42.00,42.60,33900,42.60
2012-01-20,44.00,44.45,42.15,43.05,23900,43.05
2012-01-19,43.20,44.25,43.20,43.85,27700,43.85
2012-01-18,45.40,45.40,42.55,43.05,72800,43.05
2012-01-17,39.75,43.80,39.70,43.80,523800,43.80
2012-01-16,41.75,42.40,41.75,41.75,41800,41.75
2012-01-13,44.10,44.20,43.90,43.90,6500,43.90
2012-01-12,49.90,50.00,46.20,46.20,131100,46.20
2012-01-11,48.60,48.60,47.35,48.60,33000,48.60
2012-01-10,46.20,46.30,45.05,46.30,11700,46.30
2012-01-09,42.10,44.10,41.00,44.10,55400,44.10
2012-01-06,39.20,40.90,39.20,40.60,10400,40.60
2012-01-05,41.25,41.90,39.50,40.40,34800,40.40
2012-01-04,43.80,43.80,40.50,41.25,26600,41.25
2012-01-03,40.95,41.85,40.65,41.85,54900,41.85
2012-01-02,40.80,41.50,38.80,39.90,13700,39.90
2011-12-30,40.80,43.00,39.70,40.40,14200,40.40
2011-12-29,45.75,45.75,41.70,41.70,19300,41.70
2011-12-28,48.40,48.40,43.80,43.85,68400,43.85
2011-12-27,46.10,46.10,46.10,46.10,2300,46.10
2011-12-26,42.65,43.95,42.10,43.95,8100,43.95
2011-12-23,41.65,42.35,40.55,41.90,23200,41.90
2011-12-22,41.00,42.00,39.15,40.35,75700,40.35
2011-12-21,39.25,43.35,39.25,40.90,29400,40.90
2011-12-20,41.35,42.50,41.30,41.30,5300,41.30
2011-12-19,43.55,46.00,43.45,43.45,12800,43.45
2011-12-16,50.00,50.00,45.70,45.70,35300,45.70
2011-12-15,50.50,50.75,48.10,48.10,15300,48.10
2011-12-14,49.15,52.45,48.55,50.60,22600,50.60
2011-12-13,52.90,52.90,50.30,50.30,30300,50.30
2011-12-12,56.20,57.95,52.90,52.90,22900,52.90
2011-12-09,57.45,58.50,55.45,55.65,19200,55.65
2011-12-08,58.25,63.85,58.20,58.35,70900,58.35
2011-12-07,61.55,63.65,61.25,61.25,25200,61.25
2011-12-06,64.45,64.45,64.45,64.45,000,64.45
2011-12-05,71.15,71.15,64.45,64.45,77000,64.45
2011-12-02,67.80,67.80,67.35,67.80,2700,67.80
2011-12-01,64.40,64.60,64.00,64.60,7500,64.60
2011-11-30,59.85,61.55,59.60,61.55,21000,61.55
2011-11-29,58.00,58.65,56.30,58.65,36800,58.65
2011-11-28,53.35,56.05,53.30,55.90,64300,55.90
2011-11-25,53.40,53.40,49.00,53.40,64300,53.40
2011-11-24,50.90,50.90,50.90,50.90,2000,50.90
2011-11-23,43.90,48.50,43.90,48.50,19500,48.50
2011-11-22,46.20,46.20,46.20,46.20,9400,46.20
2011-11-21,48.60,48.60,48.60,48.60,19800,48.60
2011-11-18,57.50,57.50,53.95,53.95,43300,53.95
2011-11-17,68.00,68.60,59.90,59.90,96400,59.90
2011-11-16,68.20,70.90,62.00,66.50,239700,66.50
2011-11-15,89.05,90.15,73.95,73.95,135100,73.95
2011-11-14,95.20,96.25,91.05,92.40,23300,92.40
2011-11-11,95.75,97.75,93.70,94.05,12200,94.05
2011-11-09,99.00,99.80,96.25,97.50,28000,97.50
2011-11-08,97.00,99.25,97.00,98.60,70200,98.60
2011-11-04,94.65,96.35,94.20,95.40,64000,95.40
2011-11-03,93.15,95.20,92.50,93.80,18700,93.80
2011-11-02,93.80,95.20,93.30,94.35,19200,94.35
2011-11-01,94.45,95.35,92.60,93.95,59900,93.95
2011-10-31,100.00,100.70,94.00,95.60,37300,95.60
2011-10-28,101.00,102.40,99.05,99.95,40500,99.95
2011-10-26,99.20,100.50,98.90,100.00,20800,100.00
2011-10-25,99.00,99.05,97.00,98.30,21700,98.30
2011-10-24,97.10,101.00,97.10,98.65,49700,98.65
2011-10-21,97.25,99.20,95.80,97.95,49400,97.95
2011-10-20,96.35,98.00,96.00,97.35,74100,97.35
2011-10-19,100.40,101.70,96.10,97.20,96700,97.20
2011-10-18,96.40,100.65,95.60,99.50,154500,99.50
2011-10-17,95.70,99.65,95.10,97.95,140200,97.95
2011-10-14,97.00,97.00,93.05,94.90,108100,94.90
2011-10-13,88.90,97.35,88.55,95.90,348800,95.90
2011-10-12,85.25,88.40,84.00,87.60,69800,87.60
2011-10-11,85.80,87.80,84.65,85.65,56100,85.65
2011-10-10,83.90,87.70,83.60,84.75,132800,84.75
2011-10-07,85.90,86.90,83.50,84.65,27600,84.65
2011-10-05,87.55,89.00,82.60,83.55,41400,83.55
2011-10-04,90.00,90.00,86.20,86.70,41900,86.70
2011-10-03,94.00,94.00,90.00,90.45,47100,90.45
2011-09-30,100.00,100.00,93.60,94.20,37300,94.20
2011-09-29,97.00,98.40,96.15,96.85,13400,96.85
2011-09-28,97.00,103.20,95.45,97.65,133100,97.65
2011-09-27,96.85,98.90,95.50,96.25,24300,96.25
2011-09-26,97.75,99.85,94.05,95.90,20900,95.90
2011-09-23,98.20,99.85,95.00,97.45,37900,97.45
2011-09-22,105.00,105.05,99.50,100.30,31900,100.30
2011-09-21,104.90,109.85,104.70,107.15,83400,107.15
2011-09-20,105.00,107.95,105.00,106.35,40300,103.35
2011-09-19,105.00,105.70,102.40,104.30,24500,101.36
2011-09-16,107.00,108.90,104.05,104.85,48400,101.89
2011-09-15,106.55,108.40,104.55,106.50,78400,103.50
2011-09-14,101.00,106.40,100.00,105.60,74500,102.62
2011-09-13,100.70,102.95,100.25,101.10,36100,98.25
2011-09-12,98.65,102.50,98.65,99.70,35100,96.89
2011-09-09,103.35,107.45,101.85,102.55,58700,99.66
2011-09-08,103.25,103.70,101.75,102.25,57600,99.37
2011-09-07,102.35,104.50,101.70,102.55,68400,99.66
2011-09-06,96.50,103.20,96.50,100.95,75000,98.10
2011-09-05,100.50,100.50,95.40,95.80,76900,93.10
2011-09-02,110.00,110.00,99.25,100.20,87700,97.37
2011-08-30,109.80,112.50,106.65,108.35,40800,105.29
2011-08-29,106.50,109.25,105.00,108.30,23000,105.24
2011-08-26,110.60,113.10,103.75,104.80,49000,101.84
2011-08-25,113.80,116.20,108.65,109.80,51900,106.70
2011-08-24,114.00,120.00,111.00,111.70,114900,108.55
2011-08-23,112.50,115.05,111.35,112.75,46900,109.57
2011-08-22,113.00,115.00,109.10,110.55,33600,107.43
2011-08-19,112.90,116.60,109.90,113.25,146400,110.06
2011-08-18,109.00,124.80,109.00,115.70,431500,112.44
2011-08-17,105.00,107.90,98.55,105.55,79800,102.57
2011-08-16,115.00,115.00,104.45,105.50,29500,102.52
2011-08-12,118.35,118.70,110.70,112.40,21600,109.23
2011-08-11,112.00,119.30,112.00,116.05,40300,112.78
2011-08-10,108.95,115.80,108.80,114.70,56700,111.46
2011-08-09,102.00,107.50,100.05,104.30,25800,101.36
2011-08-08,110.00,111.10,102.50,105.85,47400,102.86
2011-08-05,122.85,122.85,112.20,113.90,25000,110.69
2011-08-04,125.60,126.50,122.10,122.85,22300,119.38
2011-08-03,126.00,127.40,124.40,125.65,27700,122.11
2011-08-02,126.50,127.50,123.40,126.15,22600,122.59
2011-08-01,130.00,131.30,126.00,126.75,17200,123.17
2011-07-29,131.40,132.45,128.20,128.70,31800,125.07
2011-07-28,131.00,132.40,130.25,131.55,15300,127.84
2011-07-27,136.35,136.35,130.00,132.90,33300,129.15
2011-07-26,140.40,141.20,134.50,135.70,43000,131.87
2011-07-25,138.00,141.70,137.40,139.30,94300,135.37
2011-07-22,135.90,139.90,135.90,136.70,86100,132.84
2011-07-21,135.90,137.60,134.00,134.60,28100,130.80
2011-07-20,137.25,139.50,134.00,134.90,130300,131.09
2011-07-19,129.20,138.00,127.90,136.00,240700,132.16
2011-07-18,130.50,130.50,127.45,127.85,16900,124.24
2011-07-15,129.00,129.00,127.05,127.50,8500,123.90
2011-07-14,128.00,130.90,127.60,129.10,11000,125.46
2011-07-13,127.50,129.75,127.50,128.10,8300,124.49
2011-07-12,128.95,128.95,125.35,126.95,19300,123.37
2011-07-11,132.15,133.85,129.00,129.70,17100,126.04
2011-07-08,133.35,136.00,131.60,133.15,16600,129.39
2011-07-07,132.80,134.80,131.10,132.55,21700,128.81
2011-07-06,135.00,135.00,131.60,132.60,20000,128.86
2011-07-05,136.95,137.40,133.40,134.30,19800,130.51
2011-07-04,136.00,138.50,135.15,136.05,39900,132.21
2011-07-01,134.90,137.85,133.00,133.85,22200,130.07
2011-06-30,129.00,136.25,129.00,132.35,111400,128.62
2011-06-29,130.00,131.40,129.00,130.00,38500,126.33
2011-06-28,129.50,130.50,126.40,128.50,15500,124.88
2011-06-27,127.00,130.80,126.65,128.70,38900,125.07
2011-06-24,124.75,128.95,123.60,128.00,52300,124.39
2011-06-23,128.00,128.00,119.20,122.20,44500,118.75
2011-06-22,132.00,132.00,126.50,127.85,30200,124.24
2011-06-21,129.90,133.00,127.50,129.95,44900,126.28
2011-06-20,135.40,135.40,127.35,128.75,34200,125.12
2011-06-17,132.90,136.25,132.00,135.45,104300,131.63
2011-06-16,129.70,134.60,128.80,131.05,39900,127.35
2011-06-15,134.35,135.45,130.00,130.40,33700,126.72
2011-06-14,132.30,138.00,130.00,134.65,58900,130.85
2011-06-13,135.10,135.45,129.00,130.45,28000,126.77
2011-06-10,137.60,137.60,135.50,136.05,17300,132.21
2011-06-09,140.00,140.00,136.50,137.05,30400,133.18
2011-06-08,139.90,143.45,139.10,140.55,35200,136.59
2011-06-07,140.25,141.70,139.20,140.05,17200,136.10
2011-06-06,141.90,143.50,140.00,140.85,20700,136.88
2011-06-03,143.70,145.05,140.50,141.05,26300,137.07
2011-06-02,143.00,147.00,140.00,142.35,32100,138.33
2011-06-01,145.70,147.85,143.60,144.40,25800,140.33
2011-05-31,146.70,148.15,144.00,144.25,48200,140.18
2011-05-30,147.40,150.00,144.55,145.90,98700,141.78
2011-05-27,143.20,146.75,142.65,145.00,37000,140.91
2011-05-26,140.00,144.80,139.85,141.95,45900,137.95
2011-05-25,141.60,142.10,138.20,139.25,17300,135.32
2011-05-24,138.95,143.35,137.50,141.25,34600,137.27
2011-05-23,143.85,145.95,136.05,138.15,30700,134.25
2011-05-20,146.40,147.80,143.35,144.55,31900,140.47
2011-05-19,149.00,149.10,142.75,145.00,60400,140.91
2011-05-18,140.90,150.95,140.90,147.15,318200,143.00
2011-05-17,142.00,144.50,138.45,140.25,39400,136.29
2011-05-16,137.05,145.30,136.15,141.35,61300,137.36
2011-05-13,132.90,142.10,131.80,138.90,92200,134.98
2011-05-12,135.10,136.80,132.10,132.60,24900,128.86
2011-05-11,137.00,137.50,134.10,135.50,15500,131.68
2011-05-10,134.10,137.50,133.75,136.55,19100,132.70
2011-05-09,137.10,137.65,133.00,134.45,18900,130.66
2011-05-06,136.60,136.65,132.80,135.90,28600,132.07
2011-05-05,140.00,142.05,132.00,135.15,29200,131.34
2011-05-04,142.10,142.70,136.60,140.00,34100,136.05
2011-05-03,144.00,146.95,141.50,143.15,32800,139.11
2011-05-02,150.60,151.55,141.45,144.55,46900,140.47
2011-04-29,150.00,154.55,148.10,148.90,58300,144.70
2011-04-28,154.10,154.10,148.60,149.90,30600,145.67
2011-04-27,157.80,157.90,152.00,152.80,62000,148.49
2011-04-26,149.80,161.80,148.05,156.55,316300,152.13
2011-04-25,152.00,153.80,148.35,149.70,37800,145.48
2011-04-21,157.00,157.00,151.10,152.05,34900,147.76
2011-04-20,155.00,159.30,154.10,156.00,82300,151.60
2011-04-19,155.50,156.75,152.50,153.95,50100,149.61
2011-04-18,154.90,162.40,153.65,155.05,183900,150.68
2011-04-15,146.50,158.00,146.50,154.90,296200,150.53
2011-04-13,142.00,148.45,142.00,146.80,40500,142.66
2011-04-11,144.45,146.00,143.00,144.00,29200,139.94
2011-04-08,147.20,149.00,142.55,145.60,45100,141.49
2011-04-07,148.50,149.70,146.30,147.20,41300,143.05
2011-04-06,150.00,153.20,146.00,149.15,91800,144.94
2011-04-05,144.45,151.50,143.00,149.35,154100,145.14
2011-04-04,138.20,146.00,137.50,143.95,118000,139.89
2011-04-01,133.90,137.90,133.50,137.25,40900,133.38
2011-03-31,134.50,136.00,131.40,132.75,24500,129.01
2011-03-30,136.75,138.40,132.40,134.25,41200,130.46
2011-03-29,137.65,140.50,134.40,134.60,72200,130.80
2011-03-28,139.00,140.00,134.80,136.50,52600,132.65
2011-03-25,136.55,141.00,135.55,137.95,80700,134.06
2011-03-24,138.65,141.50,134.30,135.05,173700,131.24
2011-03-23,123.25,139.70,122.70,136.15,568100,132.31
2011-03-22,121.90,123.50,121.00,123.15,33100,119.68
2011-03-21,123.60,123.65,120.50,121.00,16400,117.59
2011-03-18,125.10,125.40,122.00,122.30,16900,118.85
2011-03-17,125.25,126.50,123.00,123.90,29600,120.40
2011-03-16,125.35,127.80,124.60,126.25,36200,122.69
2011-03-15,125.45,126.00,120.00,123.10,22400,119.63
2011-03-14,128.00,128.50,124.00,127.50,42700,123.90
2011-03-11,130.90,132.00,126.15,127.10,22200,123.51
2011-03-10,132.55,133.00,130.35,130.75,29000,127.06
2011-03-09,135.90,136.25,132.50,133.20,21900,129.44
2011-03-08,132.35,136.70,131.50,134.60,54300,130.80
2011-03-07,134.10,134.50,131.00,132.25,31900,128.52
2011-03-04,140.00,142.50,137.25,137.90,42700,134.01
2011-03-03,142.00,142.00,136.75,137.70,57200,133.82
2011-03-01,139.70,143.40,138.25,142.35,58300,138.33
2011-02-28,138.90,143.65,135.50,138.45,94800,134.54
2011-02-25,138.40,142.00,131.55,138.05,90800,134.16
2011-02-24,145.50,147.45,134.00,135.90,61300,132.07
2011-02-23,148.00,151.95,144.10,145.25,48200,141.15
2011-02-22,152.00,152.50,146.00,147.90,72400,143.73
2011-02-21,143.80,153.95,142.00,151.75,160500,147.47
2011-02-18,155.00,159.80,141.90,144.90,294900,140.81
2011-02-17,141.00,156.20,140.10,153.60,437100,149.27
2011-02-16,129.00,139.80,129.00,138.90,84600,134.98
2011-02-15,134.50,134.50,128.00,130.10,55400,126.43
2011-02-14,124.00,135.40,124.00,134.10,87600,130.32
2011-02-11,118.00,123.00,116.50,122.40,83500,118.95
2011-02-10,113.00,119.60,105.00,114.65,74600,111.42
2011-02-09,127.50,127.50,110.10,114.35,94600,111.12
2011-02-08,133.70,135.50,126.10,127.65,35700,124.05
2011-02-07,131.60,136.50,131.30,133.40,45500,129.64
2011-02-04,136.00,136.90,130.00,131.60,48500,127.89
2011-02-03,135.65,137.80,131.30,136.50,41600,132.65
2011-02-02,137.25,138.70,134.15,134.85,32600,131.05
2011-02-01,137.75,142.50,133.75,136.05,57400,132.21
2011-01-31,140.00,141.00,130.00,134.55,49500,130.75
2011-01-28,150.50,151.30,138.30,141.75,54600,137.75
2011-01-27,154.75,156.75,149.00,150.35,52500,146.11
2011-01-25,154.00,158.75,152.65,153.65,94200,149.32
2011-01-24,151.05,157.00,150.20,153.50,54400,149.17
2011-01-21,148.70,151.75,148.30,149.95,27400,145.72
2011-01-20,149.90,152.70,147.00,147.75,61500,143.58
2011-01-19,151.90,156.05,149.10,151.00,38400,146.74
2011-01-18,153.00,156.70,149.00,150.90,50800,146.64
2011-01-17,157.00,157.00,151.00,151.85,47500,147.57
2011-01-14,159.20,161.80,154.05,155.35,82800,150.97
2011-01-13,152.05,163.50,152.05,157.20,166400,152.77
2011-01-12,154.50,154.50,149.15,152.80,41400,148.49
2011-01-11,155.10,158.00,151.40,152.25,43700,147.96
2011-01-10,161.70,161.70,154.05,154.85,36900,150.48
2011-01-07,168.00,168.05,158.50,159.25,46500,154.76
2011-01-06,172.95,173.90,166.00,167.25,41300,162.53
2011-01-05,177.20,177.55,170.00,171.95,36900,167.10
2011-01-04,178.00,182.90,176.25,176.70,140700,171.72
2011-01-03,172.60,179.60,172.60,176.95,129800,171.96
2010-12-31,170.20,178.25,169.05,171.55,122800,166.71
2010-12-30,174.20,174.20,167.75,170.10,73400,165.30
2010-12-29,174.25,179.00,172.85,173.75,168400,168.85
2010-12-28,170.00,180.65,165.10,172.85,913000,167.97
2010-12-27,152.50,174.25,152.50,168.60,817700,163.84
2010-12-24,151.70,154.85,150.55,152.45,60700,148.15
2010-12-23,153.45,153.50,151.00,151.35,24400,147.08
2010-12-22,153.40,156.00,150.20,151.45,48000,147.18
2010-12-21,150.10,156.40,150.10,151.90,49600,147.62
2010-12-20,152.00,152.90,149.50,150.00,33200,145.77
2010-12-16,153.00,153.90,150.10,152.00,45300,147.71
2010-12-15,158.45,158.45,152.00,152.65,53200,148.34
2010-12-14,155.00,159.45,152.50,157.40,92000,152.96
2010-12-13,152.20,158.00,151.00,153.85,61400,149.51
2010-12-10,155.00,158.90,148.30,152.20,163800,147.91
2010-12-09,166.00,169.00,153.20,155.55,165200,151.16
2010-12-08,175.70,176.00,164.10,165.10,80100,160.44
2010-12-07,179.30,182.00,174.30,176.25,75600,171.28
2010-12-06,184.65,189.45,176.10,179.10,133200,174.05
2010-12-03,198.00,198.00,179.00,180.25,116000,175.17
2010-12-02,198.05,201.00,195.10,196.65,95000,191.10
2010-12-01,192.35,198.35,191.50,196.70,84000,191.15
2010-11-30,188.00,196.80,187.50,192.10,93800,186.68
2010-11-29,192.00,194.50,187.40,189.80,59500,184.45
2010-11-26,203.40,208.00,179.10,191.35,166600,185.95
2010-11-25,209.60,213.90,200.25,201.85,102900,196.16
2010-11-24,206.30,222.50,206.00,209.15,537900,203.25
2010-11-23,205.00,215.00,199.00,205.35,164400,199.56
2010-11-22,192.05,209.50,192.00,207.30,247000,201.45
2010-11-19,195.55,200.00,189.00,190.85,97200,185.47
2010-11-18,201.75,202.80,192.10,194.90,78300,189.40
2010-11-16,207.00,209.90,196.65,199.05,77300,193.44
2010-11-15,211.00,211.00,203.25,205.60,42600,199.80
2010-11-12,217.10,218.00,206.20,208.20,82400,202.33
2010-11-11,230.90,231.30,215.25,217.25,101800,211.12
2010-11-10,233.70,234.90,226.00,227.70,249000,221.28
2010-11-09,227.00,232.00,224.00,229.25,140200,222.78
2010-11-08,217.65,225.00,214.25,223.35,101200,217.05
2010-11-05,216.00,217.60,214.90,216.00,11800,209.91
2010-11-04,214.70,216.00,212.30,214.65,42700,208.59
2010-11-03,216.50,216.90,211.00,212.20,56700,206.21
2010-11-02,207.25,216.50,205.55,215.05,113300,208.98
2010-11-01,207.00,210.00,204.50,205.15,108600,199.36
2010-10-29,212.00,213.40,202.00,205.40,60200,199.61
2010-10-28,216.10,217.05,211.30,212.35,54100,206.36
2010-10-27,218.00,221.40,214.30,215.20,115600,209.13
2010-10-26,220.50,222.30,217.30,217.95,65000,211.80
2010-10-25,217.60,224.70,217.60,220.10,112100,213.89
2010-10-22,222.70,224.00,217.50,218.15,71400,212.00
2010-10-21,218.10,226.40,217.50,222.65,185700,216.37
2010-10-20,217.60,222.30,215.65,216.85,81200,210.73
2010-10-19,222.45,227.50,218.10,219.30,111900,213.11
2010-10-18,224.70,224.70,217.00,220.00,83000,213.79
2010-10-15,227.95,231.25,222.00,222.85,124900,216.56
2010-10-14,232.95,234.00,224.55,225.35,137600,218.99
2010-10-13,222.00,239.85,220.40,228.95,904900,222.49
2010-10-12,230.00,231.00,219.10,220.20,186800,213.99
2010-10-11,236.00,236.00,228.05,229.80,99400,223.32
2010-10-08,235.00,238.80,227.65,231.05,177100,224.53
2010-10-07,239.85,243.45,230.10,232.00,265500,225.46
2010-10-06,242.50,248.75,235.05,236.50,514100,229.83
2010-10-05,245.00,259.80,237.35,239.35,951100,232.60
2010-10-04,275.95,292.00,242.75,245.10,1694800,238.19
2010-10-01,270.00,277.85,268.00,272.90,926000,265.20
2010-09-30,271.40,296.90,265.65,271.05,3877300,263.40
2010-09-29,247.00,282.00,244.85,271.65,2294800,263.99
2010-09-28,250.00,256.80,238.70,245.25,885700,238.33
2010-09-27,208.00,246.75,206.00,246.50,1089000,239.55
2010-09-24,205.95,208.90,204.20,205.65,28500,199.85
2010-09-23,204.40,211.70,203.50,204.55,38700,198.78
2010-09-22,208.00,209.45,203.70,204.25,28000,198.49
2010-09-21,214.50,214.75,207.10,208.05,56000,202.18
2010-09-20,218.00,221.90,211.25,213.25,91600,204.32
2010-09-17,204.50,219.80,204.50,217.65,230400,208.53
2010-09-16,200.90,209.80,200.00,203.30,91000,194.79
2010-09-15,201.90,203.95,199.50,200.20,29400,191.82
2010-09-14,204.90,207.00,200.05,201.80,41200,193.35
2010-09-13,210.00,212.00,201.25,203.15,76200,194.64
2010-09-09,197.00,209.00,195.50,207.00,104600,198.33
2010-09-08,196.00,201.90,194.50,198.00,57800,189.71
2010-09-07,194.00,199.00,194.00,197.25,54700,188.99
2010-09-06,194.60,196.25,193.40,193.95,24500,185.83
2010-09-03,193.90,194.80,192.05,192.35,23800,184.29
2010-09-02,195.00,196.70,191.00,191.95,33200,183.91
2010-09-01,195.20,197.05,192.15,193.30,41400,185.20
2010-08-31,195.40,195.70,190.00,192.45,29300,184.39
2010-08-30,203.25,203.75,194.50,195.95,52600,187.74
2010-08-27,204.70,207.00,198.00,199.10,76200,190.76
2010-08-26,206.50,207.95,200.85,201.70,45100,193.25
2010-08-25,203.50,210.45,202.20,203.35,121900,194.83
2010-08-24,198.00,204.00,195.45,202.10,77300,193.64
2010-08-23,197.90,202.00,195.55,196.80,24900,188.56
2010-08-20,199.05,201.70,195.55,196.15,18600,187.94
2010-08-19,200.50,204.00,198.20,200.85,46400,192.44
2010-08-18,199.00,201.50,196.50,198.45,32000,190.14
2010-08-17,202.00,204.35,196.15,198.80,71900,190.47
2010-08-16,208.30,209.50,194.15,199.50,43200,191.14
2010-08-13,209.05,212.00,206.10,207.35,37200,198.67
2010-08-12,209.95,214.50,207.65,208.40,29600,199.67
2010-08-11,210.00,214.00,205.15,212.45,44600,203.55
2010-08-10,213.70,215.50,209.00,209.65,59900,200.87
2010-08-09,217.70,217.70,210.90,212.50,68500,203.60
2010-08-06,215.70,224.30,211.90,213.15,296600,204.22
2010-08-05,219.40,222.80,212.35,213.55,123500,204.61
2010-08-04,209.95,218.95,209.95,217.15,156500,208.06
2010-08-03,200.95,212.45,199.50,208.35,132400,199.62
2010-08-02,201.80,202.00,198.50,199.60,18900,191.24
2010-07-30,201.00,204.00,198.05,199.35,46200,191.00
2010-07-29,195.00,204.30,195.00,200.50,67100,192.10
2010-07-28,197.90,201.00,193.00,193.60,46900,185.49
2010-07-27,203.25,204.30,195.10,196.80,38000,188.56
2010-07-26,207.60,207.95,201.30,202.55,25700,194.07
2010-07-23,210.90,211.50,204.20,205.60,32700,196.99
2010-07-22,212.45,213.90,207.00,208.60,33700,199.86
2010-07-21,213.70,214.90,211.50,212.45,25600,203.55
2010-07-20,215.00,216.25,210.55,211.20,34700,202.35
2010-07-19,215.00,218.45,212.90,213.35,39000,204.41
2010-07-16,212.80,219.70,210.55,216.90,153200,207.82
2010-07-15,212.55,216.60,210.25,211.05,74500,202.21
2010-07-14,217.45,217.45,210.15,210.95,30400,202.12
2010-07-13,217.70,222.90,213.35,214.20,123000,205.23
2010-07-12,212.50,220.90,209.00,217.05,288200,207.96
2010-07-09,210.65,216.50,209.05,210.95,140000,202.12
2010-07-08,212.50,213.80,206.55,208.30,51700,199.58
2010-07-07,212.00,215.35,208.00,209.60,105100,200.82
2010-07-06,219.70,224.45,208.50,210.55,409500,201.73
2010-07-05,200.10,225.80,200.10,217.95,711300,208.82
2010-07-02,200.00,204.85,197.10,198.10,58300,189.80
2010-07-01,197.70,204.40,196.15,197.75,57200,189.47
2010-06-30,192.00,206.00,192.00,198.80,52700,190.47
2010-06-29,202.40,210.95,199.00,202.05,133200,193.59
2010-06-28,202.00,206.95,197.05,200.50,70400,192.10
2010-06-25,208.00,211.70,197.00,200.40,171200,192.01
2010-06-24,187.00,217.00,186.95,208.80,980400,200.06
2010-06-23,184.55,186.35,183.55,185.05,18800,177.30
2010-06-22,185.00,188.35,184.20,185.40,24000,177.64
2010-06-21,190.35,190.60,183.00,185.40,18200,177.64
2010-06-18,187.50,191.50,184.20,186.95,19000,179.12
2010-06-17,189.00,192.70,186.00,187.50,19700,179.65
2010-06-16,194.00,194.00,189.00,189.90,18500,181.95
2010-06-15,197.30,197.30,191.00,192.40,22000,184.34
2010-06-14,192.00,197.40,192.00,195.30,44800,187.12
2010-06-11,186.00,195.00,186.00,190.40,38800,182.43
2010-06-10,183.05,187.95,182.05,184.85,28500,177.11
2010-06-09,184.00,185.95,182.00,182.55,14600,174.90
2010-06-08,182.00,188.85,180.10,180.95,26700,173.37
2010-06-07,189.00,189.00,179.50,182.85,23200,175.19
2010-06-04,191.50,192.80,188.00,189.75,15100,181.80
2010-06-03,193.50,193.50,190.20,191.70,24300,183.67
2010-06-02,188.00,193.80,185.50,186.95,27600,179.12
2010-06-01,188.00,198.00,185.50,187.40,66900,179.55
2010-05-31,186.95,191.75,185.00,188.20,28300,180.32
2010-05-28,186.00,189.40,184.50,185.70,21500,177.92
2010-05-27,177.00,187.00,174.75,184.50,50800,176.77
2010-05-26,183.00,183.00,174.15,177.10,67700,169.68
2010-05-25,192.00,194.00,178.00,181.40,31800,173.80
2010-05-24,197.90,203.00,194.15,195.55,26000,187.36
2010-05-21,193.45,199.00,189.00,191.00,43900,183.00
2010-05-20,205.90,208.90,197.30,199.00,46500,190.67
2010-05-19,213.90,217.90,198.55,202.10,25100,193.64
2010-05-18,217.00,220.60,213.15,214.75,22600,205.76
2010-05-17,215.05,223.70,212.95,218.95,87800,209.78
2010-05-14,211.00,227.30,204.40,217.10,183500,208.01
2010-05-13,212.25,216.00,208.55,209.95,27800,201.16
2010-05-12,214.00,214.95,208.15,210.45,18000,201.64
2010-05-11,214.25,219.00,210.15,211.10,40200,202.26
2010-05-10,214.90,217.00,209.20,213.55,40400,204.61
2010-05-07,215.00,215.00,201.00,205.50,57400,196.89
2010-05-06,217.00,224.70,214.00,219.55,66900,210.36
2010-05-05,215.00,217.80,208.75,216.45,78900,207.39
2010-05-04,235.45,238.85,220.10,221.50,99300,212.22
2010-05-03,236.50,240.70,230.20,233.65,254700,223.86
2010-04-30,229.00,241.00,227.15,236.00,309800,226.12
2010-04-29,224.70,231.00,223.05,225.65,75900,216.20
2010-04-28,229.15,232.80,221.10,223.35,149200,214.00
2010-04-27,238.00,243.90,229.80,234.05,802200,224.25
2010-04-26,198.00,234.05,198.00,234.05,708600,224.25
2010-04-23,198.50,204.90,193.40,195.05,41100,186.88
2010-04-22,206.65,208.00,200.25,202.45,20900,193.97
2010-04-21,206.05,209.10,204.50,205.25,18400,196.65
2010-04-20,209.00,211.30,203.10,204.50,40300,195.94
2010-04-19,214.50,216.40,205.95,207.10,26700,198.43
2010-04-16,219.00,222.55,215.20,218.00,30100,208.87
2010-04-15,220.95,222.00,216.15,217.25,13000,208.15
2010-04-13,222.95,222.95,216.10,217.30,20600,208.20
2010-04-12,218.10,224.90,218.10,220.95,29600,211.70
2010-04-09,221.20,227.00,219.05,220.10,39800,210.88
2010-04-08,216.35,229.00,215.50,219.20,72400,210.02
2010-04-07,221.00,221.00,213.70,216.10,38000,207.05
2010-04-06,223.00,223.00,219.40,220.30,37700,211.07
2010-04-05,224.80,225.90,219.05,220.55,23900,211.31
2010-04-01,225.00,225.00,216.00,220.25,65600,211.03
2010-03-31,218.50,229.90,218.30,219.95,185800,210.74
2010-03-30,239.10,243.00,210.10,217.20,234700,208.10
2010-03-29,239.00,245.85,236.35,238.30,53000,228.32
2010-03-26,229.05,240.40,226.00,235.55,126900,225.69
2010-03-25,240.00,240.00,222.00,227.95,59700,218.40
2010-03-23,247.00,249.00,236.25,238.25,65900,228.27
2010-03-22,245.45,250.80,244.05,244.90,27200,234.64
2010-03-19,248.50,253.50,243.00,246.45,94800,236.13
2010-03-18,251.25,254.90,246.65,247.90,28900,237.52
2010-03-17,256.90,260.50,247.00,249.15,40800,238.72
2010-03-16,250.20,258.20,250.20,255.55,36700,244.85
2010-03-15,251.50,258.00,249.00,254.10,42500,243.46
2010-03-12,262.70,264.30,250.10,251.80,42700,241.25
2010-03-11,264.00,267.00,257.55,259.75,38000,248.87
2010-03-10,263.90,267.90,256.60,263.20,40200,252.18
2010-03-09,265.20,269.80,263.30,264.30,32400,253.23
2010-03-08,277.90,278.50,266.05,268.35,26400,257.11
2010-03-05,272.00,276.90,265.00,273.00,58400,261.57
2010-03-04,270.00,278.20,270.00,272.85,59800,261.42
2010-03-03,268.40,277.45,267.25,271.70,182300,260.32
2010-03-02,256.65,268.50,256.65,264.50,156000,253.42
2010-02-26,255.10,261.00,250.10,252.80,90400,242.21
2010-02-25,253.00,256.85,246.50,254.00,57800,243.36
2010-02-24,257.00,260.00,250.30,251.90,57100,241.35
2010-02-23,260.90,265.00,256.00,259.35,170600,248.49
2010-02-22,245.00,265.85,245.00,262.60,188500,251.60
2010-02-19,252.60,252.60,239.50,241.70,60800,231.58
2010-02-18,256.90,261.00,251.10,252.60,68800,242.02
2010-02-17,261.90,262.00,254.35,256.70,30100,245.95
2010-02-16,262.95,262.95,254.10,257.45,37200,246.67
2010-02-15,265.00,270.80,258.60,260.40,56700,249.49
2010-02-11,257.10,268.15,257.10,263.15,96500,252.13
2010-02-10,258.00,265.00,255.00,255.95,66600,245.23
2010-02-09,251.10,258.40,251.10,255.10,33600,244.42
2010-02-08,260.05,262.50,252.80,255.20,41900,244.51
2010-02-05,255.25,259.80,248.00,254.35,85700,243.70
2010-02-04,269.00,274.85,259.20,262.70,77100,251.70
2010-02-03,280.00,282.50,268.00,271.65,92900,260.27
2010-02-02,287.00,292.20,276.25,277.35,67300,265.73
2010-02-01,275.00,287.90,275.00,283.85,104400,271.96
2010-01-29,278.55,280.00,260.00,277.80,168300,266.17
2010-01-28,285.00,305.00,277.10,282.25,178500,270.43
2010-01-27,283.25,303.60,275.20,279.10,284500,267.41
2010-01-26,285.90,285.90,285.90,285.90,000,273.93
2010-01-25,285.00,298.00,280.50,285.90,125500,273.93
2010-01-22,284.25,298.00,268.40,289.10,247700,276.99
2010-01-21,296.20,305.40,280.00,286.40,274900,274.41
2010-01-20,302.40,307.50,295.00,296.60,144500,284.18
2010-01-19,286.70,307.35,278.50,298.45,359500,285.95
2010-01-18,265.40,293.00,265.40,283.90,172500,272.01
2010-01-15,283.90,285.00,269.20,272.50,203600,261.09
2010-01-14,253.20,278.20,253.20,278.20,281600,266.55
2010-01-13,252.80,258.90,251.50,252.95,42300,242.36
2010-01-12,269.95,275.00,252.50,253.50,80800,242.88
2010-01-11,264.00,265.65,260.10,262.15,51100,251.17
2010-01-08,251.00,268.00,251.00,258.00,146100,247.19
2010-01-07,246.50,254.00,246.50,249.70,41200,239.24
2010-01-06,252.40,256.00,244.10,252.20,95400,241.64
2010-01-05,267.00,268.70,247.10,249.35,194300,238.91
2010-01-04,254.30,260.00,251.80,260.00,344500,249.11
2010-01-01,247.65,247.65,247.65,247.65,000,237.28
2009-12-31,245.00,247.65,238.95,247.65,92000,237.28
2009-12-30,230.10,239.50,230.00,235.90,68700,226.02
2009-12-29,230.00,233.70,227.50,228.30,37600,218.74
2009-12-28,226.95,226.95,226.95,226.95,000,217.45
2009-12-25,226.95,226.95,226.95,226.95,000,217.45
2009-12-24,226.20,232.80,224.00,226.95,48800,217.45
2009-12-23,229.00,230.90,223.05,224.95,44700,215.53
2009-12-22,234.00,234.40,224.30,226.05,55200,216.58
2009-12-21,230.05,235.30,225.15,227.85,93700,218.31
2009-12-18,244.00,247.00,230.45,230.75,148100,221.09
2009-12-17,235.00,245.00,233.50,242.55,156600,232.39
2009-12-16,233.00,241.00,226.55,235.90,205600,226.02
2009-12-15,219.10,230.80,214.00,230.45,314900,220.80
2009-12-14,226.00,228.00,217.30,219.85,46100,210.64
2009-12-11,234.80,235.50,223.50,224.25,61900,214.86
2009-12-10,240.95,241.70,229.50,231.10,87900,221.42
2009-12-09,236.90,244.85,233.00,240.35,220600,230.28
2009-12-08,234.80,237.45,228.10,237.45,446500,227.51
2009-12-07,220.50,226.15,220.05,226.15,33200,216.68
2009-12-04,212.10,223.00,205.50,215.40,109500,206.38
2009-12-03,225.00,226.90,215.00,215.50,44400,206.47
2009-12-02,228.00,228.00,221.05,222.45,78400,213.13
2009-12-01,207.20,226.00,207.20,219.55,93200,210.36
2009-11-30,228.00,233.70,215.50,218.10,105000,208.97
2009-11-27,223.90,228.50,207.70,222.95,208800,213.61
2009-11-26,216.70,218.60,213.50,218.60,286000,209.45
2009-11-25,200.00,208.20,197.65,208.20,48700,199.48
2009-11-24,205.75,205.75,196.25,198.30,54300,190.00
2009-11-23,209.35,212.45,198.40,201.35,45000,192.92
2009-11-20,211.00,211.00,200.00,205.55,89100,196.94
2009-11-19,223.00,224.00,209.50,210.00,62500,201.21
2009-11-18,224.95,229.00,218.55,220.50,76300,211.27
2009-11-17,218.00,227.85,208.60,222.05,182300,212.75
2009-11-16,232.45,235.40,216.90,218.00,80800,208.87
2009-11-13,230.00,236.90,226.10,228.30,77300,218.74
2009-11-12,230.00,238.90,221.05,230.30,195600,220.66
2009-11-11,246.00,246.90,231.95,231.95,178300,222.24
2009-11-10,240.00,252.65,240.00,244.15,415600,233.93
2009-11-09,217.40,229.70,216.10,229.70,175800,220.08
2009-11-06,205.00,208.85,202.05,208.85,281700,200.10
2009-11-05,198.95,198.95,185.50,198.95,256800,190.62
2009-11-04,184.00,189.50,183.00,189.50,437000,181.56
2009-11-03,192.00,195.95,180.25,180.50,177600,172.94
2009-10-30,183.30,202.50,183.30,189.70,591400,181.76
2009-10-29,192.90,192.90,192.90,192.90,5100,184.82
2009-10-28,203.00,203.00,203.00,203.00,1800,194.50
2009-10-27,213.65,213.65,213.65,213.65,3600,204.70
2009-10-26,235.00,237.70,224.85,224.85,59800,215.43
2009-10-23,243.85,250.00,231.00,236.65,300300,226.74
2009-10-22,238.70,257.80,233.30,238.45,679700,228.46
2009-10-21,245.55,245.55,225.55,245.55,536700,235.27
2009-10-20,233.90,233.90,233.90,233.90,8600,224.10
2009-10-16,212.20,212.20,206.00,212.20,137600,203.31
2009-10-15,202.10,202.10,202.10,202.10,26700,193.64
2009-10-14,192.50,192.50,186.90,192.50,121900,184.44
2009-10-12,183.75,183.75,169.30,183.35,653000,175.67
2009-10-09,175.00,175.00,174.00,175.00,142100,167.67
2009-10-08,166.70,166.70,162.55,166.70,268000,159.72
2009-10-07,158.80,158.80,158.80,158.80,15800,152.15
2009-10-06,147.70,151.25,147.70,151.25,428900,144.92
2009-10-05,136.10,145.00,133.60,145.00,246500,138.93
2009-10-01,135.00,138.10,130.50,138.10,299900,132.32
2009-09-30,127.00,133.85,124.95,131.55,262700,126.04
2009-09-29,128.80,130.50,126.00,127.50,60300,122.16
2009-09-25,126.00,131.00,125.20,126.50,134900,121.20
2009-09-24,122.00,128.85,120.00,128.15,173400,122.78
2009-09-23,125.40,128.00,122.10,122.75,96200,117.61
2009-09-22,128.40,128.65,122.50,125.70,144300,120.44
2009-09-18,116.20,125.00,116.20,125.00,182000,119.77
2009-09-17,124.70,125.80,118.00,119.05,150500,114.06
2009-09-16,133.15,133.15,122.00,123.65,535400,118.47
2009-09-15,122.00,126.85,114.85,126.85,194100,121.54
2009-09-14,119.45,123.65,116.10,120.85,172100,115.79
2009-09-11,109.00,120.15,108.75,119.70,366300,114.69
2009-09-10,123.40,123.40,114.25,114.25,213000,109.47
2009-09-09,127.40,128.00,117.55,120.25,373700,115.21
2009-09-08,123.70,123.70,119.05,123.70,805700,117.56
2009-09-07,117.85,117.85,117.85,117.85,21800,112.00
2009-09-04,112.25,112.25,112.25,112.25,20500,106.68
2009-09-03,106.80,106.95,104.70,106.95,201900,101.64
2009-09-02,101.90,101.90,97.05,101.90,358500,96.84
2009-09-01,97.05,97.05,94.00,97.05,239400,92.23
2009-08-31,91.00,92.45,88.70,92.45,77800,87.86
2009-08-28,88.05,88.05,86.65,88.05,223600,83.68
2009-08-27,81.10,83.90,80.00,83.90,132000,79.74
2009-08-26,83.00,83.80,79.00,79.95,140800,75.98
2009-08-25,83.20,83.75,79.80,81.80,322400,77.74
2009-08-24,78.75,79.80,76.25,79.80,211400,75.84
2009-08-21,79.85,81.00,75.10,76.00,112600,72.23
2009-08-20,83.20,83.20,77.00,78.45,310500,74.56
2009-08-19,78.70,79.25,78.20,79.25,183400,75.32
2009-08-18,68.40,75.50,68.40,75.50,586200,71.75
2009-08-17,71.95,71.95,71.95,71.95,6800,68.38
2009-08-14,75.70,76.15,75.70,75.70,22300,71.94
2009-08-13,86.15,87.00,78.90,79.65,316100,75.70
2009-08-12,81.30,83.00,77.20,83.00,651800,78.88
2009-08-11,77.75,79.05,77.00,79.05,41100,75.13
2009-08-10,75.30,75.30,74.55,75.30,161300,71.56
2009-08-07,68.80,71.75,67.00,71.75,265100,68.19
2009-08-06,67.30,68.80,65.00,68.35,329800,64.96
2009-08-05,65.55,65.55,59.90,65.55,662800,62.30
2009-08-04,62.45,62.45,62.45,62.45,8500,59.35
2009-08-03,59.50,59.50,59.50,59.50,8100,56.55
2009-07-31,56.70,56.70,56.70,56.70,12900,53.89
2009-07-30,54.00,54.00,52.75,54.00,154900,51.32
2009-07-29,51.45,51.45,49.00,51.45,238900,48.90
2009-07-28,49.00,49.00,49.00,49.00,5900,46.57
2009-07-27,46.65,46.70,46.40,46.70,67000,44.38
2009-07-24,44.50,44.50,42.05,44.50,163700,42.29
2009-07-23,43.25,43.80,42.00,42.40,60300,40.30
2009-07-22,43.30,43.55,40.20,41.90,217300,39.82
2009-07-21,41.50,41.50,38.60,41.50,279700,39.44
2009-07-20,39.55,39.55,39.55,39.55,15400,37.59
2009-07-17,37.70,37.70,37.70,37.70,33500,35.83
2009-07-16,35.95,35.95,35.90,35.95,136100,34.17
2009-07-15,34.25,34.25,34.25,34.25,15100,32.55
2009-07-14,31.10,32.65,31.10,32.65,23200,31.03
2009-07-13,31.10,31.90,31.10,31.10,25300,29.56
2009-07-10,34.20,35.00,32.50,32.70,58500,31.08
2009-07-09,32.95,35.75,32.95,34.20,107900,32.50
2009-07-08,35.45,35.45,34.65,34.65,9300,32.93
2009-07-07,38.40,39.75,36.45,36.45,73500,34.64
2009-07-06,40.90,41.45,37.60,38.35,259100,36.45
2009-07-03,39.45,39.50,38.50,39.50,64000,37.54
2009-07-02,37.00,37.65,36.75,37.65,207400,35.78
2009-07-01,35.90,35.90,32.75,35.90,127300,34.12
2009-06-30,34.20,34.20,33.50,34.20,142800,32.50
2009-06-29,32.30,32.60,31.40,32.60,66600,30.98
2009-06-26,30.45,31.05,30.45,31.05,70500,29.51
2009-06-25,30.00,30.45,29.15,29.60,116100,28.13
2009-06-24,27.75,29.10,27.00,29.00,43400,27.56
2009-06-23,27.60,28.35,27.50,27.75,27900,26.37
2009-06-22,29.65,29.65,28.55,28.85,36200,27.42
2009-06-19,29.00,29.80,28.30,28.80,33800,27.37
2009-06-18,29.00,31.50,28.85,28.95,80900,27.51
2009-06-17,31.95,31.95,29.20,30.35,318000,28.84
2009-06-16,29.00,30.45,28.50,30.45,50800,28.94
2009-06-15,27.25,29.00,26.65,29.00,141500,27.56
2009-06-12,27.60,28.00,26.80,27.65,47600,26.28
2009-06-11,27.50,28.30,27.05,27.45,30400,26.09
2009-06-10,27.80,28.40,26.80,27.35,70900,25.99
2009-06-09,27.50,27.60,26.80,27.15,70900,25.80
2009-06-08,30.80,31.00,28.20,28.20,112800,26.80
2009-06-05,29.75,29.75,29.10,29.50,96800,28.04
2009-06-04,27.90,28.35,26.55,28.35,34600,26.94
2009-06-03,25.75,27.00,25.35,27.00,68900,25.66
2009-06-02,27.65,27.65,25.20,25.75,56300,24.47
2009-06-01,27.15,27.40,25.95,26.35,135700,25.04
2009-05-29,27.45,27.60,26.10,26.25,70700,24.95
2009-05-28,27.10,27.85,26.10,26.55,61100,25.23
2009-05-27,27.00,27.90,26.70,27.00,45300,25.66
2009-05-26,28.90,28.90,26.35,26.60,127500,25.28
2009-05-25,26.00,27.55,26.00,27.55,85000,26.18
2009-05-22,26.85,27.00,24.60,26.25,136600,24.95
2009-05-21,24.90,26.05,24.50,25.85,126000,24.57
2009-05-20,22.30,23.70,21.70,23.70,126000,22.52
2009-05-19,23.10,23.10,21.10,21.55,123400,20.48
2009-05-15,19.90,19.90,19.15,19.25,15200,18.29
2009-05-14,19.50,19.70,19.00,19.40,13900,18.44
2009-05-13,21.00,21.00,19.50,19.55,18700,18.58
2009-05-12,19.35,20.15,19.35,20.10,32200,19.10
2009-05-11,19.00,20.50,19.00,19.70,28000,18.72
2009-05-08,21.90,21.90,19.60,19.80,44500,18.82
2009-05-07,21.80,21.80,20.50,20.85,21700,19.82
2009-05-06,21.85,22.05,20.50,20.80,68100,19.77
2009-05-05,19.05,21.00,19.05,21.00,30000,19.96
2009-05-04,20.00,20.55,19.75,20.00,34400,19.01
2009-04-29,19.25,20.20,19.20,19.90,27000,18.91
2009-04-28,20.80,20.85,20.00,20.00,40900,19.01
2009-04-27,22.00,22.00,20.95,21.05,31500,20.01
2009-04-24,22.95,22.95,21.80,22.00,42100,20.91
2009-04-23,22.75,23.25,22.15,22.70,51700,21.57
2009-04-22,22.25,22.80,21.85,22.65,89500,21.53
2009-04-21,21.95,22.45,21.10,21.75,34100,20.67
2009-04-20,22.00,23.00,21.50,21.60,94100,20.53
2009-04-17,22.75,23.00,22.60,22.60,42600,21.48
2009-04-16,25.00,25.00,23.75,23.75,81000,22.57
2009-04-15,27.20,27.25,24.80,24.95,126100,23.71
2009-04-13,25.85,26.10,25.00,26.10,124700,24.80
2009-04-09,24.90,24.90,23.60,24.90,167400,23.66
2009-04-08,22.65,23.75,21.60,23.75,95800,22.57
2009-04-06,22.65,22.65,21.60,22.65,375300,21.53
2009-04-02,21.60,21.60,21.60,21.60,13300,20.53
2009-04-01,18.70,20.60,18.70,20.60,120000,19.58
2009-03-31,19.65,19.65,19.65,19.65,6200,18.67
2009-03-30,20.70,20.70,20.65,20.65,8200,19.63
2009-03-27,21.70,22.80,21.70,21.70,110500,20.62
2009-03-26,22.80,22.80,22.80,22.80,16500,21.67
2009-03-25,23.95,24.20,23.95,23.95,26400,22.76
2009-03-24,25.20,26.20,25.20,25.20,261800,23.95
2009-03-23,26.50,27.00,26.50,26.50,172200,25.18
2009-03-20,27.85,27.85,27.85,27.85,14000,26.47
2009-03-19,29.30,30.00,29.30,29.30,47300,27.85
2009-03-18,34.20,37.60,30.80,30.80,1306100,29.27
2009-03-17,31.80,38.00,31.80,34.20,2577500,32.50
2009-03-16,35.30,35.30,35.30,35.30,16700,33.55
2009-03-13,45.00,47.40,39.20,39.20,2501800,37.25
2009-03-12,40.65,47.40,40.65,43.50,2187200,41.34
2009-03-09,47.20,52.00,45.15,45.15,1743700,42.91
2009-03-06,56.40,68.90,56.40,56.40,3613100,53.60
2009-03-05,70.45,77.00,70.45,70.45,2678900,66.95
2009-03-04,88.05,88.05,88.05,88.05,25500,83.68
2009-03-03,140.00,147.90,110.05,110.05,4219100,104.59
2009-03-02,55.00,147.00,55.00,137.55,34104100,130.72
